date,time,mode,interval,disturber,lightning,distance,noiseFloor,spikeRejection,Watchdog,tuneCapacitor
20140831,122700,0,60,0,0,-1,2,2,2
20140831,163209,0,60,1,0,-1,2,2,2,1
20140831,163219,0,10,1,0,-1,2,2,2,1
20140831,163229,0,10,0,0,-1,2,2,2,1
20140831,163239,0,10,0,0,-1,2,2,2,1
20140831,163249,0,10,4,0,-1,0,0,0,1
20140831,163259,0,10,8,0,-1,0,0,0,1
20140831,163309,0,10,5,0,-1,0,0,0,2
20140831,163319,0,10,1,0,-1,0,0,0,2
20140831,163329,0,10,0,0,-1,0,0,0,2
20140831,163339,0,10,0,0,-1,0,0,0,2
20140831,163349,0,10,0,0,-1,0,0,0,2
20140831,163359,0,10,0,0,-1,0,0,0,2
20140831,163409,0,10,0,0,-1,0,0,0,2
20140831,163419,0,10,0,0,-1,0,0,0,2
20140831,163429,0,10,0,0,-1,0,0,0,2
20140831,163439,0,10,5,0,-1,0,0,0,2
20140831,163449,0,10,5,0,-1,0,0,0,2
20140831,163459,0,10,0,0,-1,0,0,0,2
20140831,163509,0,10,0,0,-1,0,0,0,2
20140831,163519,0,10,0,0,-1,0,0,0,2
20140831,163529,0,10,0,0,-1,0,0,0,2
20140831,163539,0,10,3,0,-1,0,0,0,2
20140831,163549,0,10,7,0,-1,0,0,0,2
20140831,163559,0,10,5,0,-1,0,0,0,2
20140831,163609,0,10,6,0,-1,0,0,0,2
20140831,163619,0,10,5,0,-1,0,0,0,2
20140831,163629,0,10,8,0,-1,0,0,0,2
20140831,163639,0,10,9,0,-1,0,0,0,2
20140831,163649,0,10,8,0,-1,0,0,0,2
20140831,163659,0,10,9,0,-1,0,0,0,2
20140831,163709,0,10,9,0,-1,0,0,0,2
20140831,163719,0,10,4,0,-1,0,0,0,2
20140831,163729,0,10,9,0,-1,0,0,0,2
20140831,163739,0,10,7,0,-1,0,0,0,2
20140831,163749,0,10,0,0,-1,0,0,0,2
20140831,163759,0,10,0,0,-1,0,0,0,2
20140831,163809,0,10,0,0,-1,0,0,0,0
20140831,163819,0,10,6,0,-1,0,0,0,2
20140831,163829,0,10,2,0,-1,0,0,0,2
20140831,163839,0,10,0,0,-1,0,0,0,2
20140831,163849,0,10,0,0,-1,0,0,0,2
20140831,163859,0,10,0,0,-1,0,0,0,2
20140831,163909,0,10,0,0,-1,0,0,0,2
20140831,163919,0,10,0,0,-1,0,0,0,2
20140831,163929,0,10,1,0,-1,0,0,0,2
20140831,163939,0,10,1,0,-1,0,0,0,2
20140831,163949,0,10,2,0,-1,0,0,0,2
20140831,163959,0,10,6,0,-1,0,0,0,2
20140831,164009,0,10,1,0,-1,0,0,0,2
20140831,164019,0,10,1,0,-1,0,0,0,2
20140831,164029,0,10,2,0,-1,0,0,0,2
20140831,164039,0,10,1,0,-1,0,0,0,2
20140831,164049,0,10,0,0,-1,0,0,0,2
20140831,164059,0,10,0,0,-1,0,0,0,2
20140831,164109,0,10,1,0,-1,0,0,0,2
20140831,164119,0,10,0,0,-1,0,0,0,2
20140831,164129,0,10,0,0,-1,0,0,0,2
20140831,164139,0,10,0,0,-1,0,0,0,2
20140831,164149,0,10,0,0,-1,0,0,0,2
20140831,164159,0,10,0,0,-1,0,0,0,2
20140831,164209,0,10,0,0,-1,0,0,0,2
20140831,164219,0,10,0,0,-1,0,0,0,2
20140831,164229,0,10,0,0,-1,0,0,0,2
20140831,164239,0,10,0,0,-1,0,0,0,2
20140831,164249,0,10,0,0,-1,0,0,0,2
20140831,164259,0,10,0,0,-1,0,0,0,2
20140831,164309,0,10,0,0,-1,0,0,0,2
20140831,164319,0,10,0,0,-1,0,0,0,2
20140831,164329,0,10,34,0,-1,1,1,1,2
20140831,164339,0,10,14,0,-1,1,1,1,1
20140831,164349,0,10,57,0,-1,1,0,0,1
20140831,164359,0,10,15,0,-1,1,0,0,2
20140831,164409,0,10,58,0,-1,1,0,0,2
20140831,164419,0,10,55,0,-1,1,0,0,2
20140831,164429,0,10,57,0,-1,1,0,0,2
20140831,164439,0,10,52,0,-1,1,0,0,2
20140831,164449,0,10,53,0,-1,1,0,0,2
20140831,164459,0,10,50,0,-1,1,0,0,2
20140831,164509,0,10,53,0,-1,1,0,0,2
20140831,164519,0,10,55,0,-1,1,0,0,2
20140831,164529,0,10,54,0,-1,1,0,0,2
20140831,164539,0,10,49,0,-1,1,0,0,2
20140831,164549,0,10,53,0,-1,1,0,0,2
20140831,164559,0,10,51,0,-1,1,0,0,2
20140831,164609,0,10,54,0,-1,1,0,0,2
20140831,164619,0,10,52,0,-1,1,0,0,2
20140831,164629,0,10,54,0,-1,1,0,0,2
20140831,164649,0,10,52,0,-1,1,0,0,2
20140831,164659,0,10,50,0,-1,1,0,0,2
20140831,164704,0,5,26,0,-1,1,0,0,2
20140831,164709,0,5,13,0,-1,1,0,0,2
20140831,164714,0,5,1,0,-1,1,0,0,2
20140831,164719,0,5,25,0,-1,1,0,0,2
20140831,164724,0,5,26,0,-1,1,0,0,2
20140831,164729,0,5,26,0,-1,1,0,0,2
20140831,164734,0,5,27,0,-1,1,0,0,2
20140831,164739,0,5,25,0,-1,1,0,0,2
20140831,164744,0,5,25,0,-1,1,0,0,2
20140831,164749,0,5,22,0,-1,1,0,0,2
20140831,164754,0,5,26,0,-1,1,0,0,2
20140831,164759,0,5,26,0,-1,1,0,0,2
20140831,164804,0,5,25,0,-1,1,0,0,2
20140831,164809,0,5,28,0,-1,1,0,0,2
20140831,164814,0,5,26,0,-1,1,0,0,2
20140831,164819,0,5,26,0,-1,1,0,0,2
20140831,164824,0,5,26,0,-1,1,0,0,2
20140831,164829,0,5,26,0,-1,1,0,0,2
20140831,164834,0,5,27,0,-1,1,0,0,2
20140831,164839,0,5,26,0,-1,1,0,0,2
20140831,164844,0,5,27,0,-1,1,0,0,2
20140831,164849,0,5,28,0,-1,1,0,0,2
20140831,164854,0,5,27,0,-1,1,0,0,2
20140831,164859,0,5,26,0,-1,1,0,0,2
20140831,164904,0,5,27,0,-1,1,0,0,2
20140831,164909,0,5,25,0,-1,1,0,0,2
20140831,164914,0,5,27,0,-1,1,0,0,2
20140831,164919,0,5,29,0,-1,1,0,0,2
20140831,164924,0,5,25,0,-1,1,0,0,2
20140831,164929,0,5,28,0,-1,1,0,0,2
20140831,164934,0,5,26,0,-1,1,0,0,2
20140831,164939,0,5,24,0,-1,1,0,0,2
20140831,164944,0,5,25,0,-1,1,0,0,2
20140831,164949,0,5,24,0,-1,1,0,0,2
20140831,164954,0,5,30,0,-1,1,0,0,2
20140831,164959,0,5,27,0,-1,1,0,0,2
20140831,165004,0,5,25,0,-1,1,0,0,2
20140831,165009,0,5,25,0,-1,1,0,0,2
20140831,165014,0,5,25,0,-1,1,0,0,2
20140831,165019,0,5,26,0,-1,1,0,0,2
20140831,165024,0,5,25,0,-1,1,0,0,2
20140831,165029,0,5,23,0,-1,1,0,0,2
20140831,165034,0,5,25,0,-1,1,0,0,2
20140831,165039,0,5,24,0,-1,1,0,0,2
20140831,165044,0,5,28,0,-1,1,0,0,2
20140831,165049,0,5,23,0,-1,1,0,0,2
20140831,165054,0,5,25,0,-1,1,0,0,2
20140831,165059,0,5,30,0,-1,1,0,0,2
20140831,165104,0,5,26,0,-1,1,0,0,2
20140831,165109,0,5,24,0,-1,1,0,0,2
20140831,165114,0,5,24,0,-1,1,0,0,2
20140831,165119,0,5,24,0,-1,1,0,0,2
20140831,165124,0,5,24,0,-1,1,0,0,2
20140831,165129,0,5,26,0,-1,1,0,0,2
20140831,165134,0,5,23,0,-1,1,0,0,2
20140831,165139,0,5,23,0,-1,1,0,0,2
20140831,165144,0,5,24,0,-1,1,0,0,2
20140831,165149,0,5,25,0,-1,1,0,0,2
20140831,165154,0,5,27,0,-1,1,0,0,2
20140831,165159,0,5,22,0,-1,1,0,0,2
20140831,165204,0,5,27,0,-1,1,0,0,2
20140831,165209,0,5,25,0,-1,1,0,0,2
20140831,165214,0,5,26,0,-1,1,0,0,2
20140831,165219,0,5,26,0,-1,1,0,0,2
20140831,165224,0,5,23,0,-1,1,0,0,2
20140831,165229,0,5,23,0,-1,1,0,0,2
20140831,165234,0,5,26,0,-1,1,0,0,2
20140831,165239,0,5,24,0,-1,1,0,0,2
20140831,165244,0,5,25,0,-1,1,0,0,2
20140831,165249,0,5,27,0,-1,1,0,0,2
20140831,165254,0,5,24,0,-1,1,0,0,2
20140831,165259,0,5,25,0,-1,1,0,0,2
20140831,165304,0,5,25,0,-1,1,0,0,2
20140831,165309,0,5,23,0,-1,1,0,0,2
20140831,165314,0,5,24,0,-1,1,0,0,2
20140831,165319,0,5,25,0,-1,1,0,0,2
20140831,165324,0,5,25,0,-1,1,0,0,2
20140831,165329,0,5,24,0,-1,1,0,0,2
20140831,165334,0,5,24,0,-1,1,0,0,2
20140831,165339,0,5,22,0,-1,1,0,0,2
20140831,165344,0,5,24,0,-1,1,0,0,2
20140831,165349,0,5,25,0,-1,1,0,0,2
20140831,165354,0,5,24,0,-1,1,0,0,2
20140831,165359,0,5,25,0,-1,1,0,0,2
20140831,165404,0,5,27,0,-1,1,0,0,2
20140831,165410,0,5,25,0,-1,2,0,0,2
20140831,165415,0,5,2,0,-1,2,0,0,2
20140831,165420,0,5,22,1,14,2,0,0,2
20140831,165425,0,5,25,0,-1,2,0,0,2
20140831,165430,0,5,25,0,-1,2,0,0,2
20140831,165435,0,5,25,0,-1,2,0,0,2
20140831,165440,0,5,28,0,-1,2,0,0,2
20140831,165445,0,5,28,0,-1,2,0,0,2
20140831,165450,0,5,27,0,-1,2,0,0,2
20140831,165455,0,5,25,0,-1,2,0,0,2
20140831,165500,0,5,30,0,-1,2,0,0,2
20140831,165505,0,5,27,0,-1,2,0,0,2
20140831,165510,0,5,26,0,-1,2,0,0,2
20140831,165515,0,5,27,0,-1,2,0,0,2
20140831,165520,0,5,27,0,-1,2,0,0,2
20140831,165525,0,5,26,0,-1,2,0,0,2
20140831,165530,0,5,28,0,-1,2,0,0,2
20140831,165535,0,5,27,0,-1,2,0,0,2
20140831,165540,0,5,27,0,-1,2,0,0,2
20140831,165545,0,5,26,0,-1,2,0,0,2
20140831,165550,0,5,28,0,-1,2,0,0,2
20140831,165555,0,5,27,0,-1,2,0,0,2
20140831,165600,0,5,25,0,-1,2,0,0,2
20140831,165605,0,5,30,0,-1,2,0,0,2
20140831,165610,0,5,27,0,-1,2,0,0,2
20140831,165615,0,5,26,0,-1,2,0,0,2
20140831,165620,0,5,26,0,-1,2,0,0,2
20140831,165625,0,5,27,0,-1,2,0,0,2
20140831,165630,0,5,26,0,-1,2,0,0,2
20140831,165635,0,5,27,0,-1,2,0,0,2
20140831,165640,0,5,26,0,-1,2,0,0,2
20140831,165645,0,5,26,0,-1,2,0,0,2
20140831,165650,0,5,24,0,-1,2,0,0,2
20140831,165655,0,5,26,0,-1,2,0,0,2
20140831,165700,0,5,25,0,-1,2,0,0,2
20140831,165705,0,5,28,0,-1,2,0,0,2
20140831,165710,0,5,25,0,-1,2,0,0,2
20140831,165715,0,5,28,0,-1,2,0,0,2
20140831,165720,0,5,25,0,-1,2,0,0,2
20140831,165725,0,5,24,0,-1,2,0,0,2
20140831,165730,0,5,28,0,-1,2,0,0,2
20140831,165735,0,5,25,0,-1,2,0,0,2
20140831,165740,0,5,28,0,-1,2,0,0,2
20140831,165745,0,5,25,0,-1,2,0,0,2
20140831,165750,0,5,26,0,-1,2,0,0,2
20140831,165755,0,5,27,0,-1,2,0,0,2
20140831,165800,0,5,29,0,-1,2,0,0,2
20140831,165805,0,5,26,0,-1,2,0,0,2
20140831,165810,0,5,30,0,-1,2,0,0,2
20140831,165815,0,5,26,0,-1,2,0,0,2
20140831,165820,0,5,27,0,-1,2,0,0,2
20140831,165825,0,5,28,0,-1,2,0,0,2
20140831,165830,0,5,27,0,-1,2,0,0,2
20140831,165835,0,5,25,0,-1,2,0,0,2
20140831,165840,0,5,26,0,-1,2,0,0,2
20140831,165845,0,5,25,0,-1,2,0,0,2
20140831,165850,0,5,28,0,-1,2,0,0,2
20140831,165855,0,5,27,0,-1,2,0,0,2
20140831,165900,0,5,29,0,-1,2,0,0,2
20140831,165905,0,5,26,0,-1,2,0,0,2
20140831,165910,0,5,29,0,-1,2,0,0,2
20140831,165915,0,5,27,0,-1,2,0,0,2
20140831,165920,0,5,25,0,-1,2,0,0,2
20140831,165925,0,5,26,0,-1,2,0,0,2
20140831,165930,0,5,26,0,-1,2,0,0,2
20140831,165935,0,5,26,0,-1,2,0,0,2
20140831,165940,0,5,25,0,-1,2,0,0,2
20140831,165945,0,5,25,0,-1,2,0,0,2
20140831,165950,0,5,25,0,-1,2,0,0,2
20140831,165955,0,5,28,0,-1,2,0,0,2
20140831,170000,0,5,29,0,-1,2,0,0,2
20140831,170005,0,5,28,0,-1,2,0,0,2
20140831,170010,0,5,25,0,-1,2,0,0,2
20140831,170015,0,5,27,0,-1,2,0,0,2
20140831,170020,0,5,27,0,-1,2,0,0,2
20140831,170025,0,5,26,0,-1,2,0,0,2
20140831,170030,0,5,28,0,-1,2,0,0,2
20140831,170035,0,5,28,0,-1,2,0,0,2
20140831,170040,0,5,27,0,-1,2,0,0,2
20140831,170045,0,5,27,0,-1,2,0,0,2
20140831,170050,0,5,27,0,-1,2,0,0,2
20140831,170055,0,5,28,0,-1,2,0,0,2
20140831,170100,0,5,29,0,-1,2,0,0,2
20140831,170105,0,5,28,0,-1,2,0,0,2
20140831,170110,0,5,28,0,-1,2,0,0,2
20140831,170115,0,5,27,0,-1,2,0,0,2
20140831,170120,0,5,28,0,-1,2,0,0,2
20140831,170125,0,5,31,0,-1,2,0,0,2
20140831,170130,0,5,29,0,-1,2,0,0,2
20140831,170135,0,5,29,0,-1,2,0,0,2
20140831,170140,0,5,25,0,-1,2,0,0,2
20140831,170145,0,5,28,0,-1,2,0,0,2
20140831,170150,0,5,28,0,-1,2,0,0,2
20140831,170155,0,5,25,0,-1,2,0,0,2
20140831,170200,0,5,27,0,-1,2,0,0,2
20140831,170205,0,5,25,0,-1,2,0,0,2
20140831,170210,0,5,28,0,-1,2,0,0,2
20140831,170215,0,5,26,0,-1,2,0,0,2
20140831,170220,0,5,27,0,-1,2,0,0,2
20140831,170225,0,5,26,0,-1,2,0,0,2
20140831,170230,0,5,25,0,-1,2,0,0,2
20140831,170235,0,5,22,0,-1,2,0,0,2
20140831,170240,0,5,26,0,-1,2,0,0,2
20140831,170245,0,5,28,0,-1,2,0,0,2
20140831,170250,0,5,26,0,-1,2,0,0,2
20140831,170255,0,5,26,0,-1,2,0,0,2
20140831,170300,0,5,27,0,-1,2,0,0,2
20140831,170305,0,5,27,0,-1,2,0,0,2
20140831,170310,0,5,27,0,-1,2,0,0,2
20140831,170315,0,5,27,0,-1,2,0,0,2
20140831,170320,0,5,25,0,-1,2,0,0,2
20140831,170325,0,5,25,0,-1,2,0,0,2
20140831,170330,0,5,28,0,-1,2,0,0,2
20140831,170335,0,5,24,0,-1,2,0,0,2
20140831,170340,0,5,23,0,-1,2,0,0,2
20140831,170345,0,5,25,0,-1,2,0,0,2
20140831,170350,0,5,26,0,-1,2,0,0,2
20140831,170355,0,5,25,0,-1,2,0,0,2
20140831,170400,0,5,28,0,-1,2,0,0,2
20140831,170405,0,5,24,0,-1,2,0,0,2
20140831,170410,0,5,28,0,-1,2,0,0,2
20140831,170415,0,5,24,0,-1,2,0,0,2
20140831,170420,0,5,25,0,-1,2,0,0,2
20140831,170425,0,5,29,0,-1,2,0,0,2
20140831,170430,0,5,29,0,-1,2,0,0,2
20140831,170435,0,5,26,0,-1,2,0,0,2
20140831,170440,0,5,27,0,-1,2,0,0,2
20140831,170445,0,5,26,0,-1,2,0,0,2
20140831,170450,0,5,27,0,-1,2,0,0,2
20140831,170455,0,5,26,0,-1,2,0,0,2
20140831,170500,0,5,25,0,-1,2,0,0,2
20140831,170505,0,5,24,0,-1,2,0,0,2
20140831,170510,0,5,26,0,-1,2,0,0,2
20140831,170515,0,5,26,0,-1,2,0,0,2
20140831,170520,0,5,26,0,-1,2,0,0,2
20140831,170525,0,5,27,0,-1,2,0,0,2
20140831,170530,0,5,26,0,-1,2,0,0,2
20140831,170535,0,5,26,0,-1,2,0,0,2
20140831,170540,0,5,27,0,-1,2,0,0,2
20140831,170545,0,5,23,0,-1,2,0,0,2
20140831,170550,0,5,25,0,-1,2,0,0,2
20140831,170555,0,5,26,0,-1,2,0,0,2
20140831,170600,0,5,28,0,-1,2,0,0,2
20140831,170605,0,5,27,0,-1,2,0,0,2
20140831,170610,0,5,25,0,-1,2,0,0,2
20140831,170615,0,5,27,0,-1,2,0,0,2
20140831,170620,0,5,28,0,-1,2,0,0,2
20140831,170625,0,5,25,0,-1,2,0,0,2
20140831,170630,0,5,27,0,-1,2,0,0,2
20140831,170635,0,5,24,0,-1,2,0,0,2
20140831,170640,0,5,26,0,-1,2,0,0,2
20140831,170645,0,5,27,0,-1,2,0,0,2
20140831,170650,0,5,24,0,-1,2,0,0,2
20140831,170655,0,5,25,0,-1,2,0,0,2
20140831,170700,0,5,29,0,-1,2,0,0,2
20140831,170705,0,5,26,0,-1,2,0,0,2
20140831,170710,0,5,26,0,-1,2,0,0,2
20140831,170715,0,5,24,0,-1,2,0,0,2
20140831,170720,0,5,26,0,-1,2,0,0,2
20140831,170725,0,5,28,0,-1,2,0,0,2
20140831,170730,0,5,25,0,-1,2,0,0,2
20140831,170735,0,5,26,0,-1,2,0,0,2
20140831,170740,0,5,26,0,-1,2,0,0,2
20140831,170745,0,5,23,0,-1,2,0,0,2
20140831,170752,0,5,21,0,-1,2,1,0,2
20140831,170757,0,5,0,0,-1,2,1,0,2
20140831,170802,0,5,19,0,-1,2,1,0,2
20140831,170807,0,5,24,0,-1,2,1,0,2
20140831,170812,0,5,26,0,-1,2,1,0,2
20140831,170817,0,5,30,0,-1,2,1,0,2
20140831,170822,0,5,25,0,-1,2,1,0,2
20140831,170827,0,5,24,0,-1,2,1,0,2
20140831,170832,0,5,29,0,-1,2,1,0,2
20140831,170837,0,5,27,0,-1,2,1,0,2
20140831,170842,0,5,26,0,-1,2,1,0,2
20140831,170847,0,5,25,0,-1,2,1,1,2
20140831,170852,0,5,11,0,-1,2,1,1,0
20140831,170858,0,5,0,0,-1,1,1,1,2
20140831,170903,0,5,0,0,-1,1,1,1,2
20140831,170908,0,5,30,0,-1,1,1,1,2
20140831,170913,0,5,43,0,-1,1,1,1,2
20140831,170918,0,5,43,0,-1,1,1,1,2
20140831,170923,0,5,45,0,-1,1,1,1,2
20140831,170928,0,5,46,0,-1,1,1,1,2
20140831,170933,0,5,43,0,-1,2,1,1,2
20140831,170938,0,5,24,0,-1,2,1,1,1
20140831,170943,0,5,0,0,-1,2,1,1,1
20140831,170948,0,5,33,0,-1,2,1,1,1
20140831,170953,0,5,45,0,-1,2,1,1,1
20140831,170958,0,5,45,0,-1,2,1,1,1
20140831,171003,0,5,43,0,-1,2,1,1,1
20140831,171008,0,5,43,0,-1,2,1,1,1
20140831,171015,0,5,19,0,-1,2,2,2,1
20140831,171020,0,5,0,0,-1,2,2,2,1
20140831,171025,0,5,0,0,-1,2,2,2,1
20140831,171030,0,5,2,0,-1,2,2,2,1
20140831,171035,0,5,5,0,-1,2,2,2,1
20140831,171040,0,5,3,0,-1,2,2,2,1
20140831,171045,0,5,1,0,-1,2,2,2,1
20140831,171050,0,5,4,0,-1,2,2,2,1
20140831,171055,0,5,3,0,-1,2,2,2,1
20140831,171100,0,5,6,0,-1,2,2,2,1
20140831,171105,0,5,4,0,-1,2,2,2,1
20140831,171110,0,5,8,0,-1,2,2,2,1
20140831,171115,0,5,9,0,-1,2,2,2,1
20140831,171120,0,5,8,0,-1,2,2,2,1
20140831,171125,0,5,2,0,-1,2,2,2,1
20140831,171130,0,5,6,0,-1,2,2,2,1
20140831,171135,0,5,4,0,-1,2,2,2,1
20140831,171140,0,5,5,0,-1,2,2,2,2
20140831,171145,0,5,0,0,-1,2,2,2,2
20140831,171150,0,5,0,0,-1,2,2,2,2
20140831,171155,0,5,4,0,-1,2,2,2,2
20140831,171200,0,5,5,0,-1,2,2,2,2
20140831,171205,0,5,2,0,-1,2,2,2,2
20140831,171210,0,5,5,0,-1,2,2,2,2
20140831,171215,0,5,4,0,-1,2,2,2,2
20140831,171220,0,5,6,0,-1,2,2,2,2
20140831,171225,0,5,5,0,-1,2,2,2,2
20140831,171230,0,5,3,0,-1,2,2,2,2
20140831,171235,0,5,2,0,-1,2,2,2,2
20140831,171240,0,5,4,0,-1,2,2,2,2
20140831,171245,0,5,5,0,-1,2,2,2,2
20140831,171250,0,5,7,0,-1,2,2,2,2
20140831,171255,0,5,5,0,-1,2,2,2,2
20140831,171300,0,5,2,0,-1,2,2,2,2
20140831,171305,0,5,5,0,-1,2,2,2,2
20140831,171310,0,5,3,0,-1,2,2,2,2
20140831,171315,0,5,0,0,-1,2,2,2,2
20140831,171320,0,5,6,0,-1,2,2,2,2
20140831,171325,0,5,4,0,-1,2,2,2,2
20140831,171330,0,5,6,0,-1,2,2,2,2
20140831,171335,0,5,3,0,-1,2,2,2,2
20140831,171340,0,5,4,0,-1,2,2,2,2
20140831,171345,0,5,7,0,-1,2,2,2,2
20140831,171350,0,5,1,0,-1,2,2,2,2
20140831,171355,0,5,5,0,-1,2,2,2,2
20140831,171400,0,5,2,0,-1,2,2,2,2
20140831,171405,0,5,6,0,-1,2,2,2,2
20140831,171410,0,5,3,0,-1,2,2,2,2
20140831,171415,0,5,3,0,-1,2,2,2,2
20140831,171420,0,5,5,0,-1,2,2,2,2
20140831,171425,0,5,3,0,-1,2,2,2,2
20140831,171430,0,5,2,0,-1,2,2,2,2
20140831,171435,0,5,1,0,-1,2,2,2,2
20140831,171440,0,5,2,0,-1,2,2,2,2
20140831,171445,0,5,2,0,-1,2,2,2,2
20140831,171450,0,5,0,0,-1,2,2,2,2
20140831,171455,0,5,3,0,-1,2,2,2,2
20140831,171500,0,5,1,0,-1,2,2,2,2
20140831,171505,0,5,0,0,-1,2,2,2,2
20140831,171510,0,5,3,0,-1,2,2,2,2
20140831,171515,0,5,3,0,-1,1,2,2,2
20140831,171520,0,5,6,0,-1,1,2,2,2
20140831,171525,0,5,4,0,-1,1,2,2,1
20140831,171532,0,5,0,0,-1,1,2,2,2
20140831,171537,0,5,0,0,-1,1,2,2,2
20140831,171542,0,5,0,0,-1,1,2,2,2
20140831,171547,0,5,0,0,-1,1,2,2,2
20140831,171552,0,5,6,0,-1,1,2,2,2
20140831,171557,0,5,5,0,-1,1,2,2,2
20140831,171602,0,5,6,0,-1,1,2,2,2
20140831,171607,0,5,0,0,-1,1,2,2,2
20140831,171612,0,5,5,0,-1,1,2,2,2
20140831,171617,0,5,5,0,-1,1,2,2,2
20140831,171622,0,5,1,0,-1,1,2,2,2
20140831,171627,0,5,3,0,-1,1,2,2,2
20140831,171632,0,5,8,0,-1,1,2,2,2
20140831,171637,0,5,4,0,-1,1,2,2,2
20140831,171642,0,5,3,0,-1,1,2,2,2
20140831,171647,0,5,5,0,-1,1,2,2,2
20140831,171652,0,5,5,0,-1,1,2,2,2
20140831,171657,0,5,6,0,-1,1,2,2,2
20140831,171702,0,5,2,0,-1,1,2,2,2
20140831,171707,0,5,6,0,-1,1,2,2,2
20140831,171712,0,5,6,0,-1,1,2,2,2
20140831,171717,0,5,4,0,-1,1,2,2,2
20140831,171722,0,5,10,0,-1,1,2,2,2
20140831,171727,0,5,5,0,-1,1,2,2,2
20140831,171732,0,5,8,0,-1,1,2,2,2
20140831,171737,0,5,7,0,-1,1,2,2,2
20140831,171742,0,5,5,0,-1,1,2,2,2
20140831,171747,0,5,4,0,-1,1,2,2,2
20140831,171752,0,5,1,0,-1,1,2,2,2
20140831,171757,0,5,0,0,-1,1,2,2,2
20140831,171802,0,5,7,0,-1,1,2,2,2
20140831,171808,0,5,1,0,-1,0,2,2,1
20140831,171813,0,5,0,0,-1,0,2,2,1
20140831,171818,0,5,0,0,-1,0,2,2,1
20140831,171823,0,5,0,0,-1,0,2,2,1
20140831,171828,0,5,0,0,-1,0,1,1,1
20140831,171833,0,5,0,0,-1,0,1,1,1
20140831,171838,0,5,0,0,-1,0,1,1,1
20140831,171843,0,5,0,0,-1,0,1,1,1
20140831,171848,0,5,2,0,-1,0,1,1,1
20140831,171853,0,5,0,0,-1,0,1,1,1
20140831,171858,0,5,0,0,-1,0,1,1,1
20140831,171903,0,5,0,0,-1,0,1,1,1
20140831,171908,0,5,0,0,-1,0,1,1,1
20140831,171913,0,5,0,0,-1,0,1,1,1
20140831,171918,0,5,0,0,-1,0,1,1,1
20140831,171923,0,5,0,0,-1,0,1,1,1
20140831,171928,0,5,0,0,-1,0,1,1,1
20140831,171933,0,5,0,0,-1,0,1,1,1
20140831,171938,0,5,0,0,-1,0,1,1,1
20140831,171943,0,5,0,0,-1,0,1,1,1
20140831,171948,0,5,0,0,-1,0,0,1,1
20140831,171953,0,5,0,0,-1,0,0,1,1
20140831,171958,0,5,3,0,-1,0,0,1,1
20140831,172003,0,5,0,0,-1,0,0,1,1
20140831,172008,0,5,0,0,-1,0,0,1,1
20140831,172013,0,5,0,0,-1,0,0,1,1
20140831,172018,0,5,0,0,-1,0,0,1,1
20140831,172023,0,5,0,0,-1,0,0,1,1
20140831,172028,0,5,0,0,-1,0,0,1,1
20140831,172033,0,5,0,0,-1,0,0,1,1
20140831,172038,0,5,0,0,-1,0,0,1,1
20140831,172043,0,5,0,0,-1,0,0,1,1
20140831,172048,0,5,0,0,-1,0,0,1,1
20140831,172053,0,5,0,0,-1,0,0,1,1
20140831,172058,0,5,0,0,-1,0,0,1,1
20140831,172103,0,5,0,0,-1,0,0,1,1
20140831,172108,0,5,0,0,-1,0,0,1,1
20140831,172113,0,5,0,0,-1,0,0,1,1
20140831,172118,0,5,0,0,-1,0,0,1,1
20140831,172123,0,5,0,0,-1,0,0,1,1
20140831,172128,0,5,0,0,-1,0,0,1,1
20140831,172133,0,5,0,0,-1,0,0,1,1
20140831,172138,0,5,0,0,-1,0,0,1,1
20140831,172143,0,5,0,0,-1,0,0,1,1
20140831,172148,0,5,0,0,-1,0,0,1,1
20140831,172153,0,5,0,0,-1,0,0,1,1
20140831,172158,0,5,0,0,-1,0,0,1,1
20140831,172203,0,5,0,0,-1,0,0,1,1
20140831,172208,0,5,0,0,-1,0,0,1,1
20140831,172213,0,5,0,0,-1,0,0,1,1
20140831,172218,0,5,0,0,-1,0,0,1,1
20140831,172223,0,5,0,0,-1,0,0,1,1
20140831,172228,0,5,0,0,-1,0,0,1,1
20140831,172233,0,5,0,0,-1,0,0,1,1
20140831,172238,0,5,0,0,-1,0,0,1,1
20140831,172243,0,5,0,0,-1,0,0,1,1
20140831,172248,0,5,0,0,-1,0,0,1,1
20140831,172253,0,5,0,0,-1,0,0,1,1
20140831,172258,0,5,0,0,-1,0,0,1,1
20140831,172303,0,5,0,0,-1,0,0,1,1
20140831,172308,0,5,0,0,-1,0,0,1,1
20140831,172313,0,5,0,0,-1,0,0,1,1
20140831,172318,0,5,0,0,-1,0,0,1,1
20140831,172323,0,5,0,0,-1,0,0,1,1
20140831,172328,0,5,0,0,-1,0,0,1,1
20140831,172333,0,5,0,0,-1,0,0,1,1
20140831,172338,0,5,0,0,-1,0,0,1,1
20140831,172343,0,5,0,0,-1,0,0,1,1
20140831,172348,0,5,0,0,-1,0,0,1,1
20140831,172353,0,5,0,0,-1,0,0,1,1
20140831,172358,0,5,0,0,-1,0,0,1,1
20140831,172403,0,5,0,0,-1,0,0,1,1
20140831,172408,0,5,0,0,-1,0,0,1,1
20140831,172413,0,5,0,0,-1,0,0,1,1
20140831,172418,0,5,0,0,-1,0,0,1,1
20140831,172423,0,5,0,0,-1,0,0,1,1
20140831,172428,0,5,0,0,-1,0,0,1,1
20140831,172433,0,5,0,0,-1,0,0,1,1
20140831,172438,0,5,0,0,-1,0,0,1,1
20140831,172443,0,5,0,0,-1,0,0,1,1
20140831,172448,0,5,0,0,-1,0,0,1,1
20140831,172453,0,5,0,0,-1,0,0,1,1
20140831,172458,0,5,0,0,-1,0,0,1,1
20140831,172503,0,5,0,0,-1,0,0,1,1
20140831,172508,0,5,0,0,-1,0,0,1,1
20140831,172513,0,5,0,0,-1,0,0,1,1
20140831,172518,0,5,0,0,-1,0,0,1,1
20140831,172523,0,5,0,0,-1,0,0,1,1
20140831,172528,0,5,0,0,-1,0,0,1,1
20140831,172533,0,5,0,0,-1,0,0,1,1
20140831,172538,0,5,0,0,-1,0,0,1,1
20140831,172543,0,5,0,0,-1,0,0,1,1
20140831,172548,0,5,0,0,-1,0,0,1,1
20140831,172553,0,5,0,0,-1,0,0,1,1
20140831,172558,0,5,0,0,-1,0,0,1,1
20140831,172603,0,5,0,0,-1,0,0,1,1
20140831,172608,0,5,0,0,-1,0,0,1,1
20140831,172613,0,5,0,0,-1,0,0,1,1
20140831,172618,0,5,0,0,-1,0,0,1,1
20140831,172623,0,5,0,0,-1,0,0,1,1
20140831,172628,0,5,0,0,-1,0,0,1,1
20140831,172633,0,5,0,0,-1,0,0,1,1
20140831,172638,0,5,0,0,-1,0,0,1,1
20140831,172643,0,5,0,0,-1,0,0,1,1
20140831,172648,0,5,0,0,-1,0,0,1,1
20140831,172653,0,5,0,0,-1,0,0,1,1
20140831,172658,0,5,0,0,-1,0,0,1,1
20140831,172703,0,5,0,0,-1,0,0,1,1
20140831,172708,0,5,0,0,-1,0,0,1,1
20140831,172713,0,5,0,0,-1,0,0,1,1
20140831,172718,0,5,0,0,-1,0,0,1,1
20140831,172723,0,5,0,0,-1,0,0,1,1
20140831,172728,0,5,0,0,-1,0,0,1,1
20140831,172733,0,5,0,0,-1,0,0,1,1
20140831,172738,0,5,0,0,-1,0,0,1,1
20140831,172743,0,5,0,0,-1,0,0,1,1
20140831,172748,0,5,0,0,-1,0,0,1,1
20140831,172753,0,5,0,0,-1,0,0,1,1
20140831,172758,0,5,0,0,-1,0,0,1,1
20140831,172803,0,5,0,0,-1,0,0,1,1
20140831,172808,0,5,0,0,-1,0,0,1,1
20140831,172813,0,5,0,0,-1,0,0,1,1
20140831,172818,0,5,0,0,-1,0,0,1,1
20140831,172823,0,5,0,0,-1,0,0,1,1
20140831,172828,0,5,0,0,-1,0,0,1,1
20140831,172833,0,5,0,0,-1,0,0,1,1
20140831,172838,0,5,0,0,-1,0,0,1,1
20140831,172843,0,5,0,0,-1,0,0,1,1
20140831,172848,0,5,0,0,-1,0,0,1,1
20140831,172853,0,5,0,0,-1,0,0,1,1
20140831,172858,0,5,0,0,-1,0,0,1,1
20140831,172903,0,5,0,0,-1,0,0,1,1
20140831,172908,0,5,0,0,-1,0,0,1,1
20140831,172913,0,5,1,0,-1,0,0,1,1
20140831,172918,0,5,0,0,-1,0,0,1,1
20140831,172923,0,5,0,0,-1,0,0,1,1
20140831,172928,0,5,0,0,-1,0,0,1,1
20140831,172933,0,5,0,0,-1,0,0,1,1
20140831,172938,0,5,0,0,-1,0,0,1,1
20140831,172943,0,5,0,0,-1,0,0,1,1
20140831,172948,0,5,0,0,-1,0,0,1,1
20140831,172953,0,5,0,0,-1,0,0,1,1
20140831,172958,0,5,0,0,-1,0,0,1,1
20140831,173003,0,5,0,0,-1,0,0,1,1
20140831,173008,0,5,0,0,-1,0,0,1,1
20140831,173013,0,5,0,0,-1,0,0,1,1
20140831,173018,0,5,0,0,-1,0,0,1,1
20140831,173023,0,5,0,0,-1,0,0,1,1
20140831,173028,0,5,0,0,-1,0,0,1,1
20140831,173033,0,5,0,0,-1,0,0,1,1
20140831,173038,0,5,0,0,-1,0,0,1,1
20140831,173043,0,5,0,0,-1,0,0,1,1
20140831,173048,0,5,0,0,-1,0,0,1,1
20140831,173053,0,5,0,0,-1,0,0,1,1
20140831,173058,0,5,0,0,-1,0,0,1,1
20140831,173103,0,5,0,0,-1,0,0,1,1
20140831,173108,0,5,0,0,-1,0,0,1,1
20140831,173113,0,5,0,0,-1,0,0,1,1
20140831,173118,0,5,0,0,-1,0,0,1,1
20140831,173123,0,5,0,0,-1,0,0,1,1
20140831,173128,0,5,0,0,-1,0,0,1,1
20140831,173133,0,5,0,0,-1,0,0,1,1
20140831,173138,0,5,0,0,-1,0,0,1,1
20140831,173143,0,5,0,0,-1,0,0,1,1
20140831,173148,0,5,0,0,-1,0,0,1,1
20140831,173153,0,5,0,0,-1,0,0,1,1
20140831,173158,0,5,0,0,-1,0,0,1,1
20140831,173203,0,5,0,0,-1,0,0,1,1
20140831,173208,0,5,0,0,-1,0,0,1,1
20140831,173213,0,5,0,0,-1,0,0,1,1
20140831,173218,0,5,0,0,-1,0,0,1,1
20140831,173223,0,5,0,0,-1,0,0,1,1
20140831,173228,0,5,0,0,-1,0,0,1,1
20140831,173233,0,5,0,0,-1,0,0,1,1
20140831,173238,0,5,0,0,-1,0,0,1,1
20140831,173243,0,5,0,0,-1,0,0,1,1
20140831,173248,0,5,0,0,-1,0,0,1,1
20140831,173253,0,5,0,0,-1,0,0,1,1
20140831,173258,0,5,0,0,-1,0,0,1,1
20140831,173303,0,5,0,0,-1,0,0,1,1
20140831,173308,0,5,0,0,-1,0,0,1,1
20140831,173313,0,5,0,0,-1,0,0,1,1
20140831,173318,0,5,0,0,-1,0,0,1,1
20140831,173323,0,5,0,0,-1,0,0,1,1
20140831,173328,0,5,0,0,-1,0,0,1,1
20140831,173333,0,5,0,0,-1,0,0,1,1
20140831,173338,0,5,0,0,-1,0,0,1,1
20140831,173343,0,5,0,0,-1,0,0,1,1
20140831,173348,0,5,0,0,-1,0,0,1,1
20140831,173353,0,5,0,0,-1,0,0,1,1
20140831,173358,0,5,0,0,-1,0,0,1,1
20140831,173403,0,5,0,0,-1,0,0,1,1
20140831,173408,0,5,0,0,-1,0,0,1,1
20140831,173413,0,5,0,0,-1,0,0,1,1
20140831,173418,0,5,0,0,-1,0,0,1,1
20140831,173423,0,5,0,0,-1,0,0,1,1
20140831,173428,0,5,0,0,-1,0,0,1,1
20140831,173433,0,5,0,0,-1,0,0,1,1
20140831,173438,0,5,0,0,-1,0,0,1,1
20140831,173443,0,5,0,0,-1,0,0,1,1
20140831,173448,0,5,0,0,-1,0,0,1,1
20140831,173453,0,5,0,0,-1,0,0,1,1
20140831,173458,0,5,0,0,-1,0,0,1,1
20140831,173503,0,5,0,0,-1,0,0,1,1
20140831,173508,0,5,0,0,-1,0,0,0,1
20140831,173513,0,5,2,0,-1,0,0,0,2
20140831,173518,0,5,0,0,-1,0,0,0,2
20140831,173523,0,5,4,0,-1,0,0,0,2
20140831,173528,0,5,1,0,-1,0,0,0,2
20140831,173533,0,5,0,0,-1,0,0,0,2
20140831,173538,0,5,0,0,-1,0,0,0,2
20140831,173543,0,5,3,0,-1,0,0,0,2
20140831,173548,0,5,2,0,-1,0,0,0,2
20140831,173553,0,5,2,0,-1,0,0,0,2
20140831,173558,0,5,0,0,-1,0,0,0,2
20140831,173603,0,5,3,0,-1,0,0,0,2
20140831,173608,0,5,1,0,-1,0,0,0,2
20140831,173613,0,5,1,0,-1,0,0,0,2
20140831,173618,0,5,3,0,-1,0,0,0,2
20140831,173623,0,5,0,0,-1,0,0,0,2
20140831,173628,0,5,1,0,-1,0,0,0,2
20140831,173633,0,5,5,0,-1,0,0,0,2
20140831,173638,0,5,2,0,-1,0,0,0,2
20140831,173643,0,5,4,0,-1,0,0,0,2
20140831,173648,0,5,2,0,-1,0,0,0,2
20140831,173653,0,5,4,0,-1,0,0,0,2
20140831,173658,0,5,1,0,-1,0,0,0,2
20140831,173703,0,5,1,0,-1,0,0,0,2
20140831,173708,0,5,1,0,-1,0,0,0,2
20140831,173713,0,5,0,0,-1,0,0,0,2
20140831,173718,0,5,0,0,-1,0,0,0,2
20140831,173723,0,5,0,0,-1,0,0,0,2
20140831,173728,0,5,0,0,-1,0,0,0,2
20140831,173733,0,5,0,0,-1,0,0,0,2
20140831,173738,0,5,0,0,-1,0,0,0,2
20140831,173743,0,5,0,0,-1,0,0,0,2
20140831,173748,0,5,0,0,-1,0,0,0,2
20140831,173753,0,5,0,0,-1,0,0,0,2
20140831,173758,0,5,0,0,-1,0,0,0,2
20140831,173803,0,5,1,0,-1,0,0,0,2
20140831,173808,0,5,0,0,-1,0,0,0,2
20140831,173813,0,5,0,0,-1,0,0,0,2
20140831,173818,0,5,0,0,-1,0,0,0,2
20140831,173823,0,5,0,0,-1,0,0,0,2
20140831,173828,0,5,0,0,-1,0,0,0,2
20140831,173833,0,5,0,0,-1,0,0,0,2
20140831,173838,0,5,0,0,-1,0,0,0,2
20140831,173843,0,5,0,0,-1,0,0,0,2
20140831,173848,0,5,0,0,-1,0,0,0,2
20140831,173853,0,5,0,0,-1,0,0,0,2
20140831,173858,0,5,0,0,-1,0,0,0,2
20140831,173903,0,5,0,0,-1,0,0,0,2
20140831,173908,0,5,0,0,-1,0,0,0,2
20140831,173913,0,5,0,0,-1,0,0,0,2
20140831,173918,0,5,0,0,-1,0,0,0,2
20140831,173923,0,5,0,0,-1,0,0,0,2
20140831,173928,0,5,0,0,-1,0,0,0,2
20140831,173933,0,5,0,0,-1,0,0,0,2
20140831,173938,0,5,0,0,-1,0,0,0,2
20140831,173943,0,5,0,0,-1,0,0,0,2
20140831,173948,0,5,0,0,-1,0,0,0,2
20140831,173953,0,5,0,0,-1,0,0,0,2
20140831,173958,0,5,0,0,-1,0,0,0,2
20140831,174006,0,5,0,0ï¿½5,0
20140831,174035,0,5,1,0,-1,0,0,0,1
20140831,174045,0,5,1,0,-1,0,0,0,1
20140831,174050,0,5,3,0,-1,0,0,0,1
20140831,174055,0,5,1,0,-1,0,0,0,1
20140831,174100,0,5,4,0,-1,0,0,0,1
20140831,174105,0,5,2,0,-1,0,0,0,1
20140831,174110,0,5,4,0,-1,0,0,0,1
20140831,174115,0,5,4,0,-1,0,0,0,1
20140831,174120,0,5,2,0,-1,0,0,0,1
20140831,174125,0,5,0,0,-1,0,0,0,1
20140831,174130,0,5,0,0,-1,0,0,0,1
20140831,174135,0,5,0,0,-1,0,0,0,1
20140831,174140,0,5,0,0,-1,0,0,0,1
20140831,174145,0,5,0,0,-1,0,0,0,1
20140831,174150,0,5,0,0,-1,0,0,0,1
20140831,174155,0,5,0,0,-1,0,0,0,1
20140831,174200,0,5,0,0,-1,0,0,0,1
20140831,174205,0,5,0,0,-1,0,0,0,1
20140831,174210,0,5,0,0,-1,0,0,0,1
20140831,174215,0,5,0,0,-1,0,0,0,1
20140831,174220,0,5,0,0,-1,0,0,0,1
20140831,174225,0,5,0,0,-1,0,0,0,1
20140831,174230,0,5,1,0,-1,0,0,0,1
20140831,174235,0,5,1,0,-1,0,0,0,1
20140831,174240,0,5,0,0,-1,0,0,0,1
20140831,174245,0,5,0,0,-1,0,0,0,1
20140831,174250,0,5,0,0,-1,0,0,0,1
20140831,174255,0,5,0,0,-1,0,0,0,1
20140831,174300,0,5,0,0,-1,0,0,0,1
20140831,174305,0,5,0,0,-1,0,0,0,1
20140831,174310,0,5,0,0,-1,0,0,0,1
20140831,174315,0,5,0,0,-1,0,0,0,1
20140831,174320,0,5,0,0,-1,0,0,0,1
20140831,174325,0,5,0,0,-1,0,0,0,1
20140831,174330,0,5,2,0,-1,0,0,0,1
20140831,174335,0,5,0,0,-1,0,0,0,1
20140831,174340,0,5,0,0,-1,0,0,0,1
20140831,174345,0,5,0,0,-1,0,0,0,1
20140831,174350,0,5,0,0,-1,0,0,0,1
20140831,174355,0,5,2,0,-1,0,0,0,1
20140831,174400,0,5,4,0,-1,0,0,0,1
20140831,174405,0,5,2,0,-1,0,0,0,1
20140831,174410,0,5,3,0,-1,0,0,0,1
20140831,174415,0,5,5,0,-1,0,0,0,1
20140831,174420,0,5,5,0,-1,0,0,0,1
20140831,174425,0,5,5,0,-1,0,0,0,1
20140831,174430,0,5,2,0,-1,0,0,0,1
20140831,174435,0,5,6,0,-1,0,0,0,1
20140831,174440,0,5,2,0,-1,0,0,0,1
20140831,174445,0,5,3,0,-1,0,0,0,1
20140831,174450,0,5,0,0,-1,0,0,0,1
20140831,174455,0,5,5,0,-1,0,0,0,1
20140831,174500,0,5,2,0,-1,0,0,0,1
20140831,174506,0,5,4,0,-1,0,0,0,1
20140831,174511,0,5,0,0,-1,0,0,0,1
20140831,174516,0,5,4,0,-1,0,0,0,1
20140831,174521,0,5,0,0,-1,0,0,0,1
20140831,174526,0,5,1,0,-1,0,0,0,1
20140831,174531,0,5,3,0,-1,0,0,0,1
20140831,174536,0,5,4,0,-1,0,0,0,1
20140831,174541,0,5,4,0,-1,0,0,0,1
20140831,174546,0,5,1,0,-1,0,0,0,1
20140831,174551,0,5,0,0,-1,0,0,0,1
20140831,174556,0,5,0,0,-1,0,0,0,1
20140831,174601,0,5,0,0,-1,0,0,0,1
20140831,174606,0,5,0,0,-1,0,0,0,1
20140831,174611,0,5,0,0,-1,0,0,0,1
20140831,174616,0,5,0,0,-1,0,0,0,1
20140831,174621,0,5,0,0,-1,0,0,0,1
20140831,174626,0,5,0,0,-1,0,0,0,1
20140831,174631,0,5,0,0,-1,0,0,0,1
20140831,174636,0,5,0,0,-1,0,0,0,1
20140831,174641,0,5,0,0,-1,0,0,0,1
20140831,174646,0,5,0,0,-1,0,0,0,1
20140831,174651,0,5,0,0,-1,0,0,0,1
20140831,174656,0,5,0,0,-1,0,0,0,1
20140831,174701,0,5,0,0,-1,0,0,0,1
20140831,174706,0,5,0,0,-1,0,0,0,1
20140831,174711,0,5,0,0,-1,0,0,0,1
20140831,174716,0,5,0,0,-1,0,0,0,1
20140831,174721,0,5,0,0,-1,0,0,0,1
20140831,174726,0,5,0,0,-1,0,0,0,1
20140831,174731,0,5,0,0,-1,0,0,0,1
20140831,174736,0,5,1,0,-1,0,0,0,1
20140831,174741,0,5,0,0,-1,0,0,0,1
20140831,174746,0,5,0,0,-1,0,0,0,1
20140831,174751,0,5,0,0,-1,0,0,0,1
20140831,174756,0,5,0,0,-1,0,0,0,1
20140831,174801,0,5,0,0,-1,0,0,0,1
20140831,174806,0,5,0,0,-1,0,0,0,1
20140831,174811,0,5,0,0,-1,0,0,0,1
20140831,174816,0,5,0,0,-1,0,0,0,1
20140831,174821,0,5,0,0,-1,0,0,0,1
20140831,174826,0,5,0,0,-1,0,0,0,1
20140831,174831,0,5,1,0,-1,0,0,0,1
20140831,174836,0,5,0,0,-1,0,0,0,1
20140831,174841,0,5,0,0,-1,0,0,0,1
20140831,174846,0,5,0,0,-1,0,0,0,1
20140831,174851,0,5,0,0,-1,0,0,0,1
20140831,174856,0,5,0,0,-1,0,0,0,1
20140831,174901,0,5,0,0,-1,0,0,0,1
20140831,174906,0,5,0,0,-1,0,0,0,1
20140831,174911,0,5,0,0,-1,0,0,0,1
20140831,174916,0,5,1,0,-1,0,0,0,1
20140831,174921,0,5,0,0,-1,0,0,0,1
20140831,174926,0,5,0,0,-1,0,0,0,1
20140831,174931,0,5,0,0,-1,0,0,0,1
20140831,174936,0,5,0,0,-1,0,0,0,1
20140831,174941,0,5,0,0,-1,0,0,0,1
20140831,174946,0,5,0,0,-1,0,0,0,1
20140831,174951,0,5,1,0,-1,0,0,0,1
20140831,174956,0,5,0,0,-1,0,0,0,1
20140831,175001,0,5,0,0,-1,0,0,0,1
20140831,175036,0,10,0,0,-1,2,2,2,1
20140831,175046,0,10,14,0,-1,2,2,2,1
20140831,175056,0,10,23,0,-1,2,2,2,1
20140831,175106,0,10,25,0,-1,1,1,1,2
20140831,175116,0,10,49,0,-1,1,1,1,2
20140831,175126,0,10,87,0,-1,1,1,1,2
20140831,175136,0,10,84,0,-1,1,1,1,2
20140831,175146,0,10,84,0,-1,1,1,1,2
20140831,175156,0,10,87,0,-1,1,1,1,2
20140831,175206,0,10,84,0,-1,1,1,1,2
20140831,175216,0,10,85,0,-1,1,1,1,2
20140831,175226,0,10,83,0,-1,1,1,1,2
20140831,175236,0,10,85,0,-1,1,1,1,2
20140831,175246,0,10,92,0,-1,1,1,1,2
20140831,175256,0,10,86,0,-1,1,1,1,2
20140831,175306,0,10,87,0,-1,1,1,1,2
20140831,175316,0,10,87,0,-1,1,1,1,2
20140831,175326,0,10,91,0,-1,1,1,1,2
20140831,175336,0,10,83,0,-1,1,1,1,2
20140831,175346,0,10,81,0,-1,1,1,1,2
20140831,175356,0,10,87,0,-1,1,1,1,2
20140831,175406,0,10,93,0,-1,1,1,1,2
20140831,175416,0,10,83,0,-1,1,1,1,2
20140831,175426,0,10,89,0,-1,1,1,1,2
20140831,175436,0,10,90,0,-1,1,1,1,2
20140831,175446,0,10,23,0,-1,1,1,1,2
20140831,175456,0,10,0,0,-1,1,1,1,1
20140831,175506,0,10,0,0,-1,1,1,1,1
20140831,175516,0,10,0,0,-1,1,1,1,1
20140831,175526,0,10,4,0,-1,1,1,1,1
20140831,175536,0,10,4,0,-1,1,1,1,1
20140831,175546,0,10,0,0,-1,1,1,1,1
20140831,175556,0,10,1,0,-1,1,1,1,1
20140831,175606,0,10,1,0,-1,1,1,1,1
20140831,175616,0,10,1,0,-1,1,1,1,1
20140831,175626,0,10,2,0,-1,1,1,1,1
20140831,175636,0,10,0,0,-1,1,1,1,1
20140831,175646,0,10,0,0,-1,1,1,1,1
20140831,175656,0,10,0,0,-1,1,1,1,1
20140831,175706,0,10,0,0,-1,1,1,1,1
20140831,175716,0,10,1,0,-1,1,1,1,1
20140831,175726,0,10,1,0,-1,1,1,1,1
20140831,175736,0,10,3,0,-1,1,1,1,1
20140831,175746,0,10,0,0,-1,1,1,1,1
20140831,175756,0,10,1,0,-1,1,1,1,1
20140831,175806,0,10,1,0,-1,1,1,1,1
20140831,175816,0,10,0,0,-1,1,1,1,1
20140831,175826,0,10,0,0,-1,1,1,1,1
20140831,175836,0,10,0,0,-1,1,1,1,1
20140831,175846,0,10,0,0,-1,1,1,1,1
20140831,175856,0,10,0,0,-1,1,1,1,1
20140831,175906,0,10,0,0,-1,1,1,1,1
20140831,175916,0,10,0,0,-1,1,1,1,1
20140831,175926,0,10,0,0,-1,1,1,1,1
20140831,175936,0,10,0,0,-1,1,1,1,1
20140831,175946,0,10,0,0,-1,1,1,1,1
20140831,175956,0,10,0,0,-1,1,1,1,1
20140831,180005,0,10,0,0,-1,1,1,1,1
20140831,180016,0,10,1,0,-1,1,1,1,1
20140831,180026,0,10,1,0,-1,1,1,1,1
20140831,180035,0,10,4,0,-1,1,1,1,1
20140831,180045,0,10,3,0,-1,1,1,1,1
20140831,180055,0,10,1,0,-1,1,1,1,1
20140831,180105,0,10,4,0,-1,1,1,1,1
20140831,180115,0,10,0,0,-1,1,1,1,1
20140831,180125,0,10,2,0,-1,1,1,1,1
20140831,180135,0,10,2,0,-1,1,1,1,1
20140831,180145,0,10,2,0,-1,1,1,1,1
20140831,180155,0,10,1,0,-1,1,1,1,1
20140831,180205,0,10,1,0,-1,1,1,1,1
20140831,180215,0,10,0,0,-1,1,1,1,1
20140831,180225,0,10,1,0,-1,1,1,1,1
20140831,180235,0,10,2,0,-1,1,1,1,1
20140831,180245,0,10,2,0,-1,1,1,1,1
20140831,180255,0,10,2,0,-1,1,1,1,1
20140831,180305,0,10,8,0,-1,1,1,1,1
20140831,180315,0,10,26,0,-1,1,1,1,1
20140831,180325,0,10,28,0,-1,1,1,1,1
20140831,180335,0,10,27,0,-1,1,1,1,1
20140831,180345,0,10,56,0,-1,1,1,1,1
20140831,180355,0,10,62,0,-1,1,1,1,1
20140831,180405,0,10,24,0,-1,1,1,1,1
20140831,180415,0,10,0,1,14,1,1,1,1
20140831,180425,0,10,0,0,-1,1,1,1,1
20140831,180435,0,10,0,0,-1,1,1,1,1
20140831,180445,0,10,0,0,-1,1,1,1,1
20140831,180455,0,10,0,0,-1,1,1,1,1
20140831,180505,0,10,0,0,-1,1,1,1,1
20140831,180515,0,10,0,0,-1,1,1,1,1
20140831,180525,0,10,0,0,-1,1,1,1,1
20140831,180535,0,10,0,0,-1,1,1,1,1
20140831,180545,0,10,0,0,-1,1,1,1,1
20140831,180555,0,10,0,0,-1,1,1,1,1
20140831,180605,0,10,0,0,-1,1,1,1,1
20140831,180615,0,10,0,0,-1,1,1,1,1
20140831,180625,0,10,0,0,-1,1,1,1,1
20140831,180635,0,10,0,0,-1,1,1,1,1
20140831,180645,0,10,0,0,-1,1,1,1,1
20140831,180655,0,10,0,0,-1,1,1,1,1
20140831,180705,0,10,0,0,-1,1,1,1,1
20140831,180715,0,10,0,0,-1,1,1,1,1
20140831,180725,0,10,0,0,-1,1,1,1,1
20140831,180735,0,10,0,0,-1,1,1,1,1
20140831,180745,0,10,0,0,-1,1,1,1,1
20140831,180755,0,10,0,0,-1,1,1,1,1
20140831,180805,0,10,0,0,-1,1,1,1,1
20140831,180815,0,10,0,0,-1,1,1,1,1
20140831,180825,0,10,0,0,-1,1,1,1,1
20140831,180835,0,10,0,0,-1,1,1,1,1
20140831,180845,0,10,0,0,-1,1,1,1,1
20140831,180855,0,10,0,0,-1,1,1,1,1
20140831,180905,0,10,0,0,-1,1,1,1,1
20140831,180915,0,10,0,0,-1,1,1,1,1
20140831,180925,0,10,0,0,-1,1,1,1,1
20140831,181121,0,60,4,0,-1,0,1,1,0
20140831,181221,0,60,11,0,-1,1,1,1,2
20140831,181321,0,60,44,0,-1,1,1,1,2
20140831,181421,0,60,66,0,-1,1,1,1,2
20140831,181521,0,60,52,0,-1,1,1,1,2
20140831,181621,0,60,73,0,-1,1,1,1,2
20140831,181721,0,60,47,0,-1,1,1,1,2
20140831,181821,0,60,61,0,-1,1,1,1,2
20140831,181921,0,60,53,0,-1,1,1,1,2
20140831,182021,0,60,52,0,-1,1,1,1,2
20140831,182121,0,60,54,0,-1,1,1,1,2
20140831,182221,0,60,54,0,-1,1,1,1,2
20140831,182321,0,60,65,0,-1,1,1,1,2
20140831,182421,0,60,60,0,-1,1,1,1,2
20140831,182521,0,60,60,0,-1,1,1,1,2
20140831,182621,0,60,55,0,-1,1,1,1,2
20140831,182721,0,60,58,0,-1,1,1,1,2
20140831,182821,0,60,68,0,-1,1,1,1,2
20140831,182921,0,60,55,0,-1,1,1,1,2
20140831,183021,0,60,60,0,-1,1,1,1,2
20140831,183121,0,60,65,0,-1,1,1,1,2
20140831,183221,0,60,54,0,-1,1,1,1,2
20140831,183321,0,60,45,0,-1,1,1,1,2
20140831,183421,0,60,57,0,-1,1,1,1,2
20140831,183521,0,60,61,0,-1,1,1,1,2
20140831,183621,0,60,53,0,-1,1,1,1,2
20140831,190456,0,10,1,0,-1,1,1,1,2
20140831,190506,0,10,4,0,-1,1,1,1,2
20140831,190516,0,10,2,0,-1,1,1,1,2
20140831,190526,0,10,5,0,-1,1,1,1,2
20140831,190536,0,10,6,0,-1,1,1,1,2
20140831,190546,0,10,4,0,-1,1,1,1,2
20140831,190556,0,10,4,0,-1,1,1,1,2
20140831,190606,0,10,5,0,-1,1,1,1,2
20140831,190616,0,10,1,0,-1,1,1,1,2
20140831,190626,0,10,4,0,-1,1,1,1,2
20140831,190636,0,10,5,0,-1,1,1,1,2
20140831,190646,0,10,5,0,-1,1,1,1,2
20140831,190656,0,10,1,0,-1,1,1,1,2
20140831,190706,0,10,4,0,-1,1,1,1,2
20140831,190716,0,10,0,0,-1,1,1,1,2
20140831,190726,0,10,2,0,-1,1,1,1,2
20140831,190736,0,10,0,0,-1,1,1,1,2
20140831,190746,0,10,2,0,-1,1,1,1,2
20140831,190756,0,10,1,0,-1,1,1,1,2
20140831,190806,0,10,4,0,-1,1,1,1,2
20140831,190816,0,10,1,0,-1,1,1,1,2
20140831,190826,0,10,1,0,-1,1,1,1,2
20140831,190836,0,10,3,0,-1,1,1,1,2
20140831,190846,0,10,4,0,-1,1,1,1,2
20140831,190856,0,10,0,0,-1,1,1,1,2
20140831,190906,0,10,1,0,-1,1,1,1,2
20140831,190916,0,10,2,0,-1,1,1,1,2
20140831,190926,0,10,0,0,-1,1,1,1,2
20140831,190936,0,10,1,0,-1,1,1,1,2
20140831,190946,0,10,3,0,-1,1,1,1,2
20140831,190956,0,10,4,0,-1,1,1,1,2
20140831,191006,0,10,4,0,-1,1,1,1,2
20140831,191016,0,10,3,0,-1,1,1,1,2
20140831,191026,0,10,6,0,-1,1,1,1,2
20140831,191036,0,10,16,0,-1,1,1,0,2
20140831,191046,0,10,10,0,-1,1,2,0,2
20140831,191056,0,10,13,0,-1,1,2,0,2
20140831,191106,0,10,42,0,-1,1,2,0,2
20140831,191116,0,10,43,0,-1,1,2,0,2
20140831,191126,0,10,28,0,-1,1,4,0,2
20140831,191136,0,10,17,0,-1,1,4,0,2
20140831,191147,0,10,39,0,-1,2,4,0,2
20140831,191157,0,10,4,0,-1,0,4,0,2
20140831,191207,0,10,1,0,-1,0,4,0,1
20140831,191217,0,10,4,0,-1,0,4,0,1
20140831,191227,0,10,12,0,-1,2,4,0,2
20140831,191237,0,10,19,0,-1,2,4,0,2
20140831,191247,0,10,29,0,-1,3,4,0,0
20140831,191257,0,10,2,0,-1,3,4,0,1
20140831,191307,0,10,46,0,-1,3,4,0,1
20140831,191317,0,10,29,0,-1,5,4,0,1
20140831,191327,0,10,0,0,-1,5,4,0,2
20140831,191337,0,10,22,0,-1,5,4,0,2
20140831,191347,0,10,20,0,-1,5,4,1,1
20140831,191357,0,10,0,0,-1,5,4,1,2
20140831,191407,0,10,0,0,-1,7,4,1,1
20140831,191417,0,10,0,0,-1,7,4,1,1
20140831,191427,0,10,1,0,-1,7,4,1,1
20140831,191437,0,10,8,0,-1,1,4,1,1
20140831,191447,0,10,1,0,-1,1,4,1,2
20140831,191457,0,10,0,0,-1,1,4,1,2
20140831,191507,0,10,1,0,-1,1,4,1,2
20140831,191517,0,10,3,0,-1,1,4,1,2
20140831,191527,0,10,3,0,-1,1,4,1,2
20140831,191537,0,10,4,0,-1,1,4,1,2
20140831,191547,0,10,2,0,-1,1,4,1,2
20140831,191557,0,10,4,0,-1,1,4,1,2
20140831,191607,0,10,4,0,-1,1,4,1,2
20140831,191617,0,10,2,0,-1,1,4,1,2
20140831,191627,0,10,1,0,-1,1,4,1,2
20140831,191637,0,10,1,0,-1,1,4,1,2
20140831,191647,0,10,0,0,-1,1,4,1,2
20140831,191657,0,10,1,0,-1,1,4,1,2
20140831,191707,0,10,1,0,-1,1,4,1,2
20140831,191717,0,10,5,0,-1,1,4,1,2
20140831,191727,0,10,5,0,-1,1,4,1,2
20140831,191737,0,10,1,0,-1,1,4,1,2
20140831,191747,0,10,6,0,-1,1,4,1,2
20140831,191757,0,10,3,0,-1,1,4,1,2
20140831,191807,0,10,4,0,-1,1,4,1,2
20140831,191817,0,10,3,0,-1,1,4,1,2
20140831,191827,0,10,6,0,-1,1,4,1,2
20140831,191837,0,10,4,0,-1,1,4,1,2
20140831,191847,0,10,7,0,-1,1,4,1,2
20140831,191857,0,10,4,0,-1,1,4,1,2
20140831,191907,0,10,2,0,-1,1,4,1,2
20140831,191917,0,10,1,0,-1,1,4,1,2
20140831,191927,0,10,1,0,-1,1,4,1,2
20140831,191937,0,10,1,0,-1,1,4,1,2
20140831,191947,0,10,4,0,-1,1,4,1,2
20140831,191957,0,10,5,0,-1,1,4,1,2
20140831,192007,0,10,8,0,-1,1,4,1,2
20140831,192017,0,10,4,0,-1,1,4,1,2
20140831,192027,0,10,4,0,-1,1,4,1,2
20140831,192037,0,10,1,0,-1,1,4,1,2
20140831,192047,0,10,5,0,-1,1,4,1,2
20140831,192057,0,10,3,0,-1,1,4,1,2
20140831,192107,0,10,6,0,-1,1,4,1,2
20140831,192117,0,10,5,0,-1,1,4,1,2
20140831,192127,0,10,3,0,-1,1,4,1,2
20140831,192137,0,10,1,0,-1,1,2,1,2
20140831,192147,0,10,2,0,-1,1,2,1,2
20140831,192157,0,10,7,0,-1,1,2,1,2
20140831,192207,0,10,8,0,-1,1,2,1,2
20140831,192217,0,10,2,0,-1,1,2,1,2
20140831,192227,0,10,2,0,-1,1,2,1,2
20140831,192237,0,10,2,0,-1,1,2,1,2
20140831,192247,0,10,5,0,-1,1,2,1,2
20140831,192257,0,10,2,0,-1,1,2,1,2
20140831,192307,0,10,4,0,-1,1,2,1,2
20140831,192317,0,10,2,0,-1,1,2,1,2
20140831,192327,0,10,3,0,-1,1,2,1,2
20140831,192337,0,10,1,0,-1,1,2,1,2
20140831,192347,0,10,6,0,-1,1,2,1,2
20140831,192357,0,10,3,0,-1,1,2,1,2
20140831,192407,0,10,7,0,-1,1,2,1,2
20140831,192417,0,10,1,0,-1,1,2,1,2
20140831,192427,0,10,2,0,-1,1,2,1,2
20140831,192437,0,10,7,0,-1,1,2,1,2
20140831,192447,0,10,3,0,-1,1,2,1,2
20140831,192457,0,10,9,0,-1,1,2,1,2
20140831,192507,0,10,5,0,-1,1,2,1,2
20140831,192517,0,10,4,0,-1,1,2,1,2
20140831,192527,0,10,2,0,-1,1,2,1,2
20140831,192537,0,10,5,0,-1,1,2,1,2
20140831,192547,0,10,3,0,-1,1,2,1,2
20140831,192557,0,10,2,0,-1,1,2,1,2
20140831,192607,0,10,9,0,-1,1,2,1,2
20140831,192752,0,10,1,0,-1,2,2,2,0
20140831,192802,0,10,0,0,-1,2,2,2,2
20140831,192812,0,10,0,0,-1,1,1,1,2
20140831,192822,0,10,0,0,-1,1,1,1,2
20140831,192832,0,10,0,0,-1,1,1,1,2
20140831,192842,0,10,0,0,-1,1,1,1,2
20140831,192852,0,10,0,0,-1,1,1,1,2
20140831,192902,0,10,0,0,-1,1,1,1,2
20140831,192912,0,10,0,0,-1,1,1,1,2
20140831,192922,0,10,0,0,-1,1,1,1,2
20140831,192932,0,10,0,0,-1,1,1,1,2
20140831,192942,0,10,0,0,-1,1,1,1,2
20140831,192952,0,10,0,0,-1,1,1,1,2
20140831,193002,0,10,0,0,-1,1,1,1,2
20140831,193012,0,10,0,0,-1,1,1,1,2
20140831,193022,0,10,0,0,-1,1,1,1,2
20140831,193032,0,10,0,0,-1,1,1,1,2
20140831,193042,0,10,0,0,-1,1,1,1,2
20140831,193052,0,10,0,0,-1,1,1,1,2
20140831,193102,0,10,0,0,-1,1,1,1,2
20140831,193112,0,10,0,0,-1,1,1,1,2
20140831,193122,0,10,0,0,-1,1,1,1,2
20140831,193132,0,10,0,0,-1,1,1,1,2
20140831,193405,0,10,0,0,-1,1,1,1,2
20140831,193415,0,10,0,0,-1,1,1,1,1
20140831,193425,0,10,0,0,-1,1,1,1,1
20140831,193435,0,10,0,0,-1,1,1,1,0
20140831,193445,0,10,0,0,-1,0,1,1,0
20140831,193455,0,10,0,0,-1,0,1,1,0
20140831,193554,0,10,0,0,-1,2,2,2,2
20140831,193604,0,10,0,0,-1,2,2,2,2
20140831,193614,0,10,0,0,-1,2,2,2,2
20140831,193624,0,10,0,0,-1,2,2,2,2
20140831,193634,0,10,0,0,-1,2,2,2,2
20140831,193644,0,10,0,0,-1,2,2,2,2
20140831,193654,0,10,0,0,-1,2,2,2,2
20140831,193704,0,10,0,0,-1,2,2,2,2
20140831,193714,0,10,0,0,-1,2,2,2,2
20140831,193724,0,10,0,0,-1,2,2,2,2
20140831,193734,0,10,0,0,-1,2,2,2,2
20140831,193744,0,10,0,0,-1,2,2,2,2
20140831,193754,0,10,0,0,-1,2,2,2,2
20140831,193804,0,10,0,0,-1,2,2,2,2
20140831,193814,0,10,0,0,-1,2,2,2,2
20140831,193824,0,10,0,0,-1,2,2,2,2
20140831,193834,0,10,0,0,-1,2,2,2,2
20140831,193844,0,10,0,0,-1,2,2,2,2
20140831,193854,0,10,0,0,-1,2,2,2,2
20140831,193904,0,10,0,0,-1,2,2,2,2
20140831,193914,0,10,0,0,-1,2,2,2,2
20140831,193924,0,10,0,0,-1,2,2,2,2
20140831,193934,0,10,0,0,-1,2,2,2,2
20140831,193944,0,10,0,0,-1,2,2,2,2
20140831,193954,0,10,0,0,-1,2,2,2,2
20140831,194004,0,10,0,0,-1,2,2,2,2
20140831,194014,0,10,0,0,-1,2,2,2,2
20140831,194024,0,10,0,0,-1,2,2,2,2
20140831,194034,0,10,0,0,-1,2,2,2,2
20140831,194044,0,10,0,0,-1,2,2,2,2
20140831,194054,0,10,0,0,-1,2,2,2,2
20140831,194104,0,10,0,0,-1,2,2,2,2
20140831,194114,0,10,0,0,-1,2,2,2,2
20140831,194124,0,10,0,0,-1,2,2,2,2
20140831,194134,0,10,0,0,-1,2,2,2,2
20140831,194144,0,10,0,0,-1,2,2,2,2
20140831,194154,0,10,0,0,-1,2,2,2,2
20140831,194204,0,10,0,0,-1,2,2,2,2
20140831,194214,0,10,0,0,-1,2,2,2,2
20140831,194224,0,10,0,0,-1,2,2,2,2
20140831,194234,0,10,0,0,-1,2,2,2,2
20140831,194244,0,10,0,0,-1,2,2,2,2
20140831,194254,0,10,0,0,-1,2,2,2,2
20140831,194304,0,10,0,0,-1,2,2,2,2
20140831,194314,0,10,0,0,-1,2,2,2,2
20140831,194324,0,10,0,0,-1,2,2,2,2
20140831,194334,0,10,0,0,-1,2,2,2,2
20140831,194344,0,10,0,0,-1,2,2,2,2
20140831,194354,0,10,0,0,-1,2,2,2,2
20140831,194404,0,10,0,0,-1,2,2,2,2
20140831,194414,0,10,0,0,-1,2,2,2,2
20140831,194424,0,10,0,0,-1,2,2,2,2
20140831,194434,0,10,0,0,-1,2,2,2,2
20140831,194444,0,10,0,0,-1,2,2,2,2
20140831,194454,0,10,0,0,-1,2,2,2,2
20140831,194504,0,10,0,0,-1,2,2,2,2
20140831,194514,0,10,0,0,-1,2,2,2,2
20140831,194524,0,10,0,0,-1,2,2,2,2
20140831,194534,0,10,0,0,-1,2,2,2,2
20140831,194544,0,10,0,0,-1,2,2,2,2
20140831,194554,0,10,1,0,-1,2,2,2,2
20140831,194604,0,10,0,0,-1,2,2,2,2
20140831,194614,0,10,0,0,-1,2,2,2,2
20140831,194624,0,10,0,0,-1,2,2,2,2
20140831,194634,0,10,0,0,-1,2,2,2,2
20140831,194644,0,10,0,0,-1,2,2,2,2
20140831,194654,0,10,0,0,-1,2,2,2,2
20140831,194704,0,10,0,0,-1,2,2,2,2
20140831,194714,0,10,0,0,-1,2,2,2,2
20140831,222840,0,60,1,0,-1,1,1,1,2
20140831,222939,0,60,0,0,-1,1,1,1,2
20140831,223039,0,60,0,0,-1,1,1,1,2
20140831,223139,0,60,1,0,-1,1,1,1,2
20140831,223239,0,60,0,0,-1,1,1,1,2
20140831,223339,0,60,1,0,-1,1,1,1,2
20140831,223439,0,60,2,0,-1,1,1,1,2
20140831,223539,0,60,5,0,-1,1,1,1,2
20140831,223639,0,60,2,0,-1,1,1,1,2
20140831,223739,0,60,1,0,-1,1,1,1,2
20140831,223839,0,60,3,0,-1,1,1,1,2
20140831,223939,0,60,1,0,-1,1,1,1,2
20140831,224039,0,60,0,0,-1,1,1,1,2
20140831,224139,0,60,0,0,-1,1,1,1,2
20140831,224239,0,60,1,0,-1,1,1,1,2
20140831,224339,0,60,2,0,-1,1,1,1,2
20140831,224439,0,60,1,0,-1,1,1,1,2
20140831,224539,0,60,3,0,-1,1,1,1,2
20140831,224639,0,60,2,0,-1,1,1,1,2
20140831,224739,0,60,0,0,-1,1,1,1,2
20140831,224839,0,60,3,0,-1,1,1,1,2
20140831,224939,0,60,4,0,-1,1,1,1,2
20140831,225039,0,60,3,0,-1,1,1,1,2
20140831,225139,0,60,1,0,-1,1,1,1,2
20140831,225239,0,60,5,0,-1,1,1,1,2
20140831,225339,0,60,4,0,-1,1,1,1,2
20140831,225439,0,60,29,0,-1,1,1,1,2
20140831,225539,0,60,55,0,-1,1,1,1,2
20140831,225639,0,60,54,0,-1,1,1,1,2
20140831,225739,0,60,55,0,-1,1,1,1,2
20140831,225839,0,60,31,0,-1,1,1,1,2
20140831,225939,0,60,39,0,-1,1,1,1,2
20140831,230039,0,60,54,0,-1,1,1,1,2
20140831,230139,0,60,70,0,-1,1,1,1,2
20140831,230239,0,60,51,0,-1,1,1,1,2
20140831,230339,0,60,56,0,-1,1,1,1,2
20140831,230439,0,60,68,0,-1,1,1,1,2
20140831,230539,0,60,52,0,-1,1,1,1,2
20140831,230639,0,60,105,0,-1,1,1,1,2
20140831,230739,0,60,34,0,-1,1,1,1,2
20140831,230839,0,60,158,0,-1,1,1,1,2
20140831,230939,0,60,43,0,-1,1,1,1,2
20140831,231039,0,60,176,0,-1,1,1,1,2
20140831,231139,0,60,63,0,-1,1,1,1,2
20140831,231239,0,60,150,0,-1,1,1,1,2
20140831,231339,0,60,93,0,-1,1,1,1,2
20140831,231439,0,60,142,0,-1,1,1,1,2
20140831,231539,0,60,110,0,-1,1,1,1,2
20140831,231639,0,60,121,0,-1,1,1,1,2
20140831,231739,0,60,140,0,-1,1,1,1,2
20140831,231839,0,60,86,0,-1,1,1,1,2
20140831,231939,0,60,13,0,-1,1,1,1,2
20140831,232039,0,60,97,0,-1,1,1,1,2
20140831,232139,0,60,118,0,-1,1,1,1,2
20140831,232239,0,60,91,0,-1,1,1,1,2
20140831,232339,0,60,96,0,-1,1,1,1,2
20140831,232439,0,60,86,0,-1,1,1,1,2
20140831,232539,0,60,108,0,-1,1,1,1,2
20140831,232639,0,60,96,0,-1,1,1,1,2
20140831,232739,0,60,102,0,-1,1,1,1,2
20140831,232839,0,60,103,0,-1,1,1,1,2
20140831,232939,0,60,94,0,-1,1,1,1,2
20140831,233039,0,60,79,0,-1,1,1,1,2
20140831,233139,0,60,75,0,-1,1,1,1,2
20140831,233239,0,60,63,0,-1,1,1,1,2
20140831,233339,0,60,71,0,-1,1,1,1,2
20140831,233439,0,60,61,0,-1,1,1,1,2
20140831,233539,0,60,78,0,-1,1,1,1,2
20140831,233639,0,60,77,0,-1,1,1,1,2
20140831,233739,0,60,57,0,-1,1,1,1,2
20140831,233839,0,60,65,0,-1,1,1,1,2
20140831,233939,0,60,62,0,-1,1,1,1,2
20140831,234039,0,60,57,0,-1,1,1,1,2
20140831,234139,0,60,65,0,-1,1,1,1,2
20140831,234239,0,60,57,0,-1,1,1,1,2
20140831,234339,0,60,78,0,-1,1,1,1,2
20140831,234439,0,60,69,0,-1,1,1,1,2
20140831,234539,0,60,66,0,-1,1,1,1,2
20140831,234639,0,60,64,0,-1,1,1,1,2
20140831,234739,0,60,54,0,-1,1,1,1,2
20140831,234839,0,60,63,0,-1,1,1,1,2
20140831,234939,0,60,51,0,-1,1,1,1,2
20140831,235039,0,60,61,0,-1,1,1,1,2
20140831,235139,0,60,58,0,-1,1,1,1,2
20140831,235239,0,60,57,0,-1,1,1,1,2
20140831,235339,0,60,63,0,-1,1,1,1,2
20140831,235439,0,60,53,0,-1,1,1,1,2
20140831,235539,0,60,59,0,-1,1,1,1,2
20140831,235639,0,60,61,0,-1,1,1,1,2
20140831,235739,0,60,46,0,-1,1,1,1,2
20140831,235839,0,60,67,0,-1,1,1,1,2
20140831,235939,0,60,50,0,-1,1,1,1,2
20140901,000039,0,60,69,0,-1,1,1,1,2
20140901,000139,0,60,56,0,-1,1,1,1,2
20140901,000239,0,60,54,0,-1,1,1,1,2
20140901,000339,0,60,56,0,-1,1,1,1,2
20140901,000439,0,60,55,0,-1,1,1,1,2
20140901,000539,0,60,53,0,-1,1,1,1,2
20140901,000639,0,60,50,0,-1,1,1,1,2
20140901,000739,0,60,61,0,-1,1,1,1,2
20140901,000839,0,60,53,0,-1,1,1,1,2
20140901,000939,0,60,60,0,-1,1,1,1,2
20140901,001039,0,60,53,0,-1,1,1,1,2
20140901,001139,0,60,45,0,-1,1,1,1,2
20140901,001239,0,60,61,0,-1,1,1,1,2
20140901,001339,0,60,45,0,-1,1,1,1,2
20140901,001439,0,60,49,0,-1,1,1,1,2
20140901,001539,0,60,58,0,-1,1,1,1,2
20140901,001639,0,60,58,0,-1,1,1,1,2
20140901,001739,0,60,61,0,-1,1,1,1,2
20140901,001839,0,60,60,0,-1,1,1,1,2
20140901,001939,0,60,52,0,-1,1,1,1,2
20140901,002039,0,60,56,0,-1,1,1,1,2
20140901,002139,0,60,50,0,-1,1,1,1,2
20140901,002239,0,60,50,0,-1,1,1,1,2
20140901,002339,0,60,58,0,-1,1,1,1,2
20140901,002439,0,60,43,0,-1,1,1,1,2
20140901,002539,0,60,63,0,-1,1,1,1,2
20140901,002639,0,60,60,0,-1,1,1,1,2
20140901,002739,0,60,53,0,-1,1,1,1,2
20140901,002839,0,60,59,0,-1,1,1,1,2
20140901,002939,0,60,40,0,-1,1,1,1,2
20140901,003039,0,60,57,0,-1,1,1,1,2
20140901,003139,0,60,57,0,-1,1,1,1,2
20140901,003239,0,60,48,0,-1,1,1,1,2
20140901,003339,0,60,45,0,-1,1,1,1,2
20140901,003439,0,60,51,0,-1,1,1,1,2
20140901,003539,0,60,61,0,-1,1,1,1,2
20140901,003639,0,60,51,0,-1,1,1,1,2
20140901,003739,0,60,48,0,-1,1,1,1,2
20140901,003839,0,60,54,0,-1,1,1,1,2
20140901,003939,0,60,58,0,-1,1,1,1,2
20140901,004039,0,60,48,0,-1,1,1,1,2
20140901,004139,0,60,52,0,-1,1,1,1,2
20140901,004239,0,60,40,0,-1,1,1,1,2
20140901,004339,0,60,45,0,-1,1,1,1,2
20140901,004439,0,60,65,0,-1,1,1,1,2
20140901,004539,0,60,53,0,-1,1,1,1,2
20140901,004639,0,60,46,0,-1,1,1,1,2
20140901,004739,0,60,54,0,-1,1,1,1,2
20140901,004839,0,60,67,0,-1,1,1,1,2
20140901,004939,0,60,57,0,-1,1,1,1,2
20140901,005039,0,60,53,0,-1,1,1,1,2
20140901,005139,0,60,49,0,-1,1,1,1,2
20140901,005239,0,60,52,0,-1,1,1,1,2
20140901,005339,0,60,65,0,-1,1,1,1,2
20140901,005439,0,60,61,0,-1,1,1,1,2
20140901,005539,0,60,59,0,-1,1,1,1,2
20140901,005639,0,60,46,0,-1,1,1,1,2
20140901,005739,0,60,64,0,-1,1,1,1,2
20140901,005839,0,60,50,0,-1,1,1,1,2
20140901,005939,0,60,55,0,-1,1,1,1,2
20140901,010039,0,60,46,0,-1,1,1,1,2
20140901,010139,0,60,52,0,-1,1,1,1,2
20140901,010239,0,60,49,0,-1,1,1,1,2
20140901,010339,0,60,61,0,-1,1,1,1,2
20140901,010439,0,60,47,0,-1,1,1,1,2
20140901,010539,0,60,55,0,-1,1,1,1,2
20140901,010639,0,60,47,0,-1,1,1,1,2
20140901,010739,0,60,44,0,-1,1,1,1,2
20140901,010839,0,60,52,0,-1,1,1,1,2
20140901,010939,0,60,56,0,-1,1,1,1,2
20140901,011039,0,60,59,0,-1,1,1,1,2
20140901,011139,0,60,47,0,-1,1,1,1,2
20140901,011239,0,60,52,0,-1,1,1,1,2
20140901,011339,0,60,68,0,-1,1,1,1,2
20140901,011439,0,60,43,0,-1,1,1,1,2
20140901,011539,0,60,68,0,-1,1,1,1,2
20140901,011639,0,60,68,0,-1,1,1,1,2
20140901,011739,0,60,50,0,-1,1,1,1,2
20140901,011839,0,60,54,0,-1,1,1,1,2
20140901,011939,0,60,60,0,-1,1,1,1,2
20140901,012039,0,60,51,0,-1,1,1,1,2
20140901,012139,0,60,48,0,-1,1,1,1,2
20140901,012239,0,60,56,0,-1,1,1,1,2
20140901,012339,0,60,51,0,-1,1,1,1,2
20140901,012439,0,60,55,0,-1,1,1,1,2
20140901,012539,0,60,44,0,-1,1,1,1,2
20140901,012639,0,60,62,0,-1,1,1,1,2
20140901,012739,0,60,52,0,-1,1,1,1,2
20140901,012839,0,60,54,0,-1,1,1,1,2
20140901,012939,0,60,51,0,-1,1,1,1,2
20140901,013039,0,60,51,0,-1,1,1,1,2
20140901,013139,0,60,66,0,-1,1,1,1,2
20140901,013239,0,60,59,0,-1,1,1,1,2
20140901,013339,0,60,50,0,-1,1,1,1,2
20140901,013439,0,60,61,0,-1,1,1,1,2
20140901,013539,0,60,53,0,-1,1,1,1,2
20140901,013639,0,60,44,0,-1,1,1,1,2
20140901,013739,0,60,63,0,-1,1,1,1,2
20140901,013839,0,60,61,0,-1,1,1,1,2
20140901,013939,0,60,39,0,-1,1,1,1,2
20140901,014039,0,60,41,0,-1,1,1,1,2
20140901,014139,0,60,55,0,-1,1,1,1,2
20140901,014239,0,60,39,0,-1,1,1,1,2
20140901,014339,0,60,41,0,-1,1,1,1,2
20140901,014439,0,60,52,0,-1,1,1,1,2
20140901,014539,0,60,61,0,-1,1,1,1,2
20140901,014639,0,60,47,0,-1,1,1,1,2
20140901,014739,0,60,50,0,-1,1,1,1,2
20140901,014839,0,60,47,0,-1,1,1,1,2
20140901,014939,0,60,46,0,-1,1,1,1,2
20140901,015039,0,60,55,0,-1,1,1,1,2
20140901,015139,0,60,54,0,-1,1,1,1,2
20140901,015239,0,60,50,0,-1,1,1,1,2
20140901,015339,0,60,39,0,-1,1,1,1,2
20140901,015439,0,60,47,0,-1,1,1,1,2
20140901,015539,0,60,44,0,-1,1,1,1,2
20140901,015639,0,60,51,0,-1,1,1,1,2
20140901,015739,0,60,48,0,-1,1,1,1,2
20140901,015839,0,60,43,0,-1,1,1,1,2
20140901,015939,0,60,55,0,-1,1,1,1,2
20140901,020039,0,60,58,0,-1,1,1,1,2
20140901,020139,0,60,46,0,-1,1,1,1,2
20140901,020239,0,60,53,0,-1,1,1,1,2
20140901,020339,0,60,66,0,-1,1,1,1,2
20140901,020439,0,60,52,0,-1,1,1,1,2
20140901,020539,0,60,54,0,-1,1,1,1,2
20140901,020639,0,60,51,0,-1,1,1,1,2
20140901,020739,0,60,62,0,-1,1,1,1,2
20140901,020839,0,60,44,0,-1,1,1,1,2
20140901,020939,0,60,41,0,-1,1,1,1,2
20140901,021039,0,60,37,0,-1,1,1,1,2
20140901,021139,0,60,48,0,-1,1,1,1,2
20140901,021239,0,60,44,0,-1,1,1,1,2
20140901,021339,0,60,48,0,-1,1,1,1,2
20140901,021439,0,60,48,0,-1,1,1,1,2
20140901,021539,0,60,50,0,-1,1,1,1,2
20140901,021639,0,60,35,0,-1,1,1,1,2
20140901,021739,0,60,45,0,-1,1,1,1,2
20140901,021839,0,60,40,0,-1,1,1,1,2
20140901,021939,0,60,55,0,-1,1,1,1,2
20140901,022039,0,60,49,0,-1,1,1,1,2
20140901,022139,0,60,49,0,-1,1,1,1,2
20140901,022239,0,60,60,0,-1,1,1,1,2
20140901,022339,0,60,54,0,-1,1,1,1,2
20140901,022439,0,60,47,0,-1,1,1,1,2
20140901,022539,0,60,45,0,-1,1,1,1,2
20140901,022639,0,60,44,0,-1,1,1,1,2
20140901,022739,0,60,50,0,-1,1,1,1,2
20140901,022839,0,60,50,0,-1,1,1,1,2
20140901,022939,0,60,57,0,-1,1,1,1,2
20140901,023039,0,60,44,0,-1,1,1,1,2
20140901,023139,0,60,41,0,-1,1,1,1,2
20140901,023239,0,60,41,0,-1,1,1,1,2
20140901,023339,0,60,50,0,-1,1,1,1,2
20140901,023439,0,60,50,0,-1,1,1,1,2
20140901,023539,0,60,67,0,-1,1,1,1,2
20140901,023639,0,60,49,0,-1,1,1,1,2
20140901,023739,0,60,60,0,-1,1,1,1,2
20140901,023839,0,60,45,0,-1,1,1,1,2
20140901,023939,0,60,50,0,-1,1,1,1,2
20140901,024039,0,60,53,0,-1,1,1,1,2
20140901,024139,0,60,52,0,-1,1,1,1,2
20140901,024239,0,60,47,0,-1,1,1,1,2
20140901,024339,0,60,50,0,-1,1,1,1,2
20140901,024439,0,60,51,0,-1,1,1,1,2
20140901,024539,0,60,51,0,-1,1,1,1,2
20140901,024639,0,60,61,0,-1,1,1,1,2
20140901,024739,0,60,52,0,-1,1,1,1,2
20140901,024839,0,60,63,0,-1,1,1,1,2
20140901,024939,0,60,60,0,-1,1,1,1,2
20140901,025039,0,60,42,0,-1,1,1,1,2
20140901,025139,0,60,70,0,-1,1,1,1,2
20140901,025239,0,60,64,0,-1,1,1,1,2
20140901,025339,0,60,44,0,-1,1,1,1,2
20140901,025439,0,60,59,0,-1,1,1,1,2
20140901,025539,0,60,48,0,-1,1,1,1,2
20140901,025639,0,60,50,0,-1,1,1,1,2
20140901,025739,0,60,55,0,-1,1,1,1,2
20140901,025839,0,60,52,0,-1,1,1,1,2
20140901,025939,0,60,47,0,-1,1,1,1,2
20140901,030039,0,60,56,0,-1,1,1,1,2
20140901,030139,0,60,54,0,-1,1,1,1,2
20140901,030239,0,60,59,0,-1,1,1,1,2
20140901,030339,0,60,49,0,-1,1,1,1,2
20140901,030439,0,60,46,0,-1,1,1,1,2
20140901,030539,0,60,50,0,-1,1,1,1,2
20140901,030639,0,60,53,0,-1,1,1,1,2
20140901,030739,0,60,47,0,-1,1,1,1,2
20140901,030839,0,60,57,0,-1,1,1,1,2
20140901,030939,0,60,49,0,-1,1,1,1,2
20140901,031039,0,60,43,0,-1,1,1,1,2
20140901,031139,0,60,56,0,-1,1,1,1,2
20140901,031239,0,60,42,0,-1,1,1,1,2
20140901,031339,0,60,53,0,-1,1,1,1,2
20140901,031439,0,60,48,0,-1,1,1,1,2
20140901,031539,0,60,56,0,-1,1,1,1,2
20140901,031639,0,60,64,0,-1,1,1,1,2
20140901,031739,0,60,51,0,-1,1,1,1,2
20140901,031839,0,60,52,0,-1,1,1,1,2
20140901,031939,0,60,43,0,-1,1,1,1,2
20140901,032039,0,60,52,0,-1,1,1,1,2
20140901,032139,0,60,38,0,-1,1,1,1,2
20140901,032239,0,60,55,0,-1,1,1,1,2
20140901,032339,0,60,54,0,-1,1,1,1,2
20140901,032439,0,60,54,0,-1,1,1,1,2
20140901,032539,0,60,47,0,-1,1,1,1,2
20140901,032639,0,60,53,0,-1,1,1,1,2
20140901,032739,0,60,55,0,-1,1,1,1,2
20140901,032839,0,60,64,0,-1,1,1,1,2
20140901,032939,0,60,46,0,-1,1,1,1,2
20140901,033039,0,60,51,0,-1,1,1,1,2
20140901,033139,0,60,50,0,-1,1,1,1,2
20140901,033239,0,60,41,0,-1,1,1,1,2
20140901,033339,0,60,44,0,-1,1,1,1,2
20140901,033439,0,60,46,0,-1,1,1,1,2
20140901,033539,0,60,62,0,-1,1,1,1,2
20140901,033639,0,60,54,0,-1,1,1,1,2
20140901,033739,0,60,49,0,-1,1,1,1,2
20140901,033839,0,60,53,0,-1,1,1,1,2
20140901,033939,0,60,37,0,-1,1,1,1,2
20140901,034039,0,60,54,0,-1,1,1,1,2
20140901,034139,0,60,53,0,-1,1,1,1,2
20140901,034239,0,60,65,0,-1,1,1,1,2
20140901,034339,0,60,49,0,-1,1,1,1,2
20140901,034439,0,60,59,0,-1,1,1,1,2
20140901,034539,0,60,66,0,-1,1,1,1,2
20140901,034639,0,60,48,0,-1,1,1,1,2
20140901,034739,0,60,53,0,-1,1,1,1,2
20140901,034839,0,60,62,0,-1,1,1,1,2
20140901,034939,0,60,43,0,-1,1,1,1,2
20140901,035039,0,60,53,0,-1,1,1,1,2
20140901,035139,0,60,55,0,-1,1,1,1,2
20140901,035239,0,60,69,0,-1,1,1,1,2
20140901,035339,0,60,56,0,-1,1,1,1,2
20140901,035439,0,60,52,0,-1,1,1,1,2
20140901,035539,0,60,48,0,-1,1,1,1,2
20140901,035639,0,60,45,0,-1,1,1,1,2
20140901,035739,0,60,46,0,-1,1,1,1,2
20140901,035839,0,60,49,0,-1,1,1,1,2
20140901,035939,0,60,59,0,-1,1,1,1,2
20140901,040039,0,60,58,0,-1,1,1,1,2
20140901,040139,0,60,55,0,-1,1,1,1,2
20140901,040239,0,60,53,0,-1,1,1,1,2
20140901,040339,0,60,50,0,-1,1,1,1,2
20140901,040439,0,60,61,0,-1,1,1,1,2
20140901,040539,0,60,56,0,-1,1,1,1,2
20140901,040639,0,60,50,0,-1,1,1,1,2
20140901,040739,0,60,59,0,-1,1,1,1,2
20140901,040839,0,60,42,0,-1,1,1,1,2
20140901,040939,0,60,65,0,-1,1,1,1,2
20140901,041039,0,60,48,0,-1,1,1,1,2
20140901,041139,0,60,50,0,-1,1,1,1,2
20140901,041239,0,60,44,0,-1,1,1,1,2
20140901,041339,0,60,50,0,-1,1,1,1,2
20140901,041439,0,60,50,0,-1,1,1,1,2
20140901,041539,0,60,54,0,-1,1,1,1,2
20140901,041639,0,60,46,0,-1,1,1,1,2
20140901,041739,0,60,52,0,-1,1,1,1,2
20140901,041839,0,60,44,0,-1,1,1,1,2
20140901,041939,0,60,57,0,-1,1,1,1,2
20140901,042039,0,60,66,0,-1,1,1,1,2
20140901,042139,0,60,42,0,-1,1,1,1,2
20140901,042239,0,60,66,0,-1,1,1,1,2
20140901,042339,0,60,54,0,-1,1,1,1,2
20140901,042439,0,60,59,0,-1,1,1,1,2
20140901,042539,0,60,52,0,-1,1,1,1,2
20140901,042639,0,60,52,0,-1,1,1,1,2
20140901,042739,0,60,57,0,-1,1,1,1,2
20140901,042839,0,60,48,0,-1,1,1,1,2
20140901,042939,0,60,55,0,-1,1,1,1,2
20140901,043039,0,60,61,0,-1,1,1,1,2
20140901,043139,0,60,60,0,-1,1,1,1,2
20140901,043239,0,60,68,0,-1,1,1,1,2
20140901,043339,0,60,49,0,-1,1,1,1,2
20140901,043439,0,60,45,0,-1,1,1,1,2
20140901,043539,0,60,62,0,-1,1,1,1,2
20140901,043639,0,60,56,0,-1,1,1,1,2
20140901,043739,0,60,55,0,-1,1,1,1,2
20140901,043839,0,60,40,0,-1,1,1,1,2
20140901,043939,0,60,57,0,-1,1,1,1,2
20140901,044039,0,60,45,0,-1,1,1,1,2
20140901,044139,0,60,58,0,-1,1,1,1,2
20140901,044239,0,60,54,0,-1,1,1,1,2
20140901,044339,0,60,47,0,-1,1,1,1,2
20140901,044439,0,60,50,0,-1,1,1,1,2
20140901,044539,0,60,50,0,-1,1,1,1,2
20140901,044639,0,60,59,0,-1,1,1,1,2
20140901,044739,0,60,57,0,-1,1,1,1,2
20140901,044839,0,60,47,0,-1,1,1,1,2
20140901,044939,0,60,54,0,-1,1,1,1,2
20140901,045039,0,60,59,0,-1,1,1,1,2
20140901,045139,0,60,56,0,-1,1,1,1,2
20140901,045239,0,60,47,0,-1,1,1,1,2
20140901,045339,0,60,56,0,-1,1,1,1,2
20140901,045439,0,60,51,0,-1,1,1,1,2
20140901,045539,0,60,52,0,-1,1,1,1,2
20140901,045639,0,60,66,0,-1,1,1,1,2
20140901,045739,0,60,48,0,-1,1,1,1,2
20140901,045839,0,60,53,0,-1,1,1,1,2
20140901,045939,0,60,57,0,-1,1,1,1,2
20140901,050039,0,60,60,0,-1,1,1,1,2
20140901,050139,0,60,56,0,-1,1,1,1,2
20140901,050239,0,60,55,0,-1,1,1,1,2
20140901,050339,0,60,52,0,-1,1,1,1,2
20140901,050439,0,60,62,0,-1,1,1,1,2
20140901,050539,0,60,53,0,-1,1,1,1,2
20140901,050639,0,60,45,0,-1,1,1,1,2
20140901,050739,0,60,61,0,-1,1,1,1,2
20140901,050839,0,60,68,0,-1,1,1,1,2
20140901,050939,0,60,41,0,-1,1,1,1,2
20140901,051039,0,60,53,0,-1,1,1,1,2
20140901,051139,0,60,43,0,-1,1,1,1,2
20140901,051239,0,60,47,0,-1,1,1,1,2
20140901,051339,0,60,75,0,-1,1,1,1,2
20140901,051439,0,60,50,0,-1,1,1,1,2
20140901,051539,0,60,69,0,-1,1,1,1,2
20140901,051639,0,60,57,0,-1,1,1,1,2
20140901,051739,0,60,47,0,-1,1,1,1,2
20140901,051839,0,60,53,0,-1,1,1,1,2
20140901,051939,0,60,43,0,-1,1,1,1,2
20140901,052039,0,60,61,0,-1,1,1,1,2
20140901,052139,0,60,55,0,-1,1,1,1,2
20140901,052239,0,60,50,0,-1,1,1,1,2
20140901,052339,0,60,44,0,-1,1,1,1,2
20140901,052439,0,60,47,0,-1,1,1,1,2
20140901,052539,0,60,52,0,-1,1,1,1,2
20140901,052639,0,60,72,0,-1,1,1,1,2
20140901,052739,0,60,59,0,-1,1,1,1,2
20140901,052839,0,60,52,0,-1,1,1,1,2
20140901,052939,0,60,52,0,-1,1,1,1,2
20140901,053039,0,60,53,0,-1,1,1,1,2
20140901,053139,0,60,53,0,-1,1,1,1,2
20140901,053239,0,60,58,0,-1,1,1,1,2
20140901,053339,0,60,46,0,-1,1,1,1,2
20140901,053439,0,60,54,0,-1,1,1,1,2
20140901,053539,0,60,49,0,-1,1,1,1,2
20140901,053639,0,60,41,0,-1,1,1,1,2
20140901,053739,0,60,48,0,-1,1,1,1,2
20140901,053839,0,60,46,0,-1,1,1,1,2
20140901,053939,0,60,50,0,-1,1,1,1,2
20140901,054039,0,60,51,0,-1,1,1,1,2
20140901,054139,0,60,61,0,-1,1,1,1,2
20140901,054239,0,60,59,0,-1,1,1,1,2
20140901,054339,0,60,45,0,-1,1,1,1,2
20140901,054439,0,60,51,0,-1,1,1,1,2
20140901,054539,0,60,50,0,-1,1,1,1,2
20140901,054639,0,60,53,0,-1,1,1,1,2
20140901,054739,0,60,63,0,-1,1,1,1,2
20140901,054839,0,60,57,0,-1,1,1,1,2
20140901,054939,0,60,35,0,-1,1,1,1,2
20140901,055039,0,60,58,0,-1,1,1,1,2
20140901,055139,0,60,55,0,-1,1,1,1,2
20140901,055239,0,60,48,0,-1,1,1,1,2
20140901,055339,0,60,51,0,-1,1,1,1,2
20140901,055439,0,60,46,0,-1,1,1,1,2
20140901,055539,0,60,54,0,-1,1,1,1,2
20140901,055639,0,60,44,0,-1,1,1,1,2
20140901,055739,0,60,46,0,-1,1,1,1,2
20140901,055839,0,60,55,0,-1,1,1,1,2
20140901,055939,0,60,51,0,-1,1,1,1,2
20140901,060039,0,60,47,0,-1,1,1,1,2
20140901,060139,0,60,54,0,-1,1,1,1,2
20140901,060239,0,60,55,0,-1,1,1,1,2
20140901,060339,0,60,44,0,-1,1,1,1,2
20140901,060439,0,60,45,0,-1,1,1,1,2
20140901,060539,0,60,57,0,-1,1,1,1,2
20140901,060639,0,60,43,0,-1,1,1,1,2
20140901,060739,0,60,52,0,-1,1,1,1,2
20140901,060839,0,60,54,0,-1,1,1,1,2
20140901,060939,0,60,51,0,-1,1,1,1,2
20140901,061039,0,60,49,0,-1,1,1,1,2
20140901,061139,0,60,65,0,-1,1,1,1,2
20140901,061239,0,60,45,0,-1,1,1,1,2
20140901,061339,0,60,50,0,-1,1,1,1,2
20140901,061439,0,60,54,0,-1,1,1,1,2
20140901,061539,0,60,42,0,-1,1,1,1,2
20140901,061639,0,60,47,0,-1,1,1,1,2
20140901,061739,0,60,56,0,-1,1,1,1,2
20140901,061839,0,60,43,0,-1,1,1,1,2
20140901,061939,0,60,60,0,-1,1,1,1,2
20140901,062039,0,60,58,0,-1,1,1,1,2
20140901,062139,0,60,40,0,-1,1,1,1,2
20140901,062239,0,60,63,0,-1,1,1,1,2
20140901,062339,0,60,49,0,-1,1,1,1,2
20140901,062439,0,60,50,0,-1,1,1,1,2
20140901,062539,0,60,51,0,-1,1,1,1,2
20140901,062639,0,60,44,0,-1,1,1,1,2
20140901,062739,0,60,57,0,-1,1,1,1,2
20140901,062839,0,60,52,0,-1,1,1,1,2
20140901,062939,0,60,52,0,-1,1,1,1,2
20140901,063039,0,60,62,0,-1,1,1,1,2
20140901,063139,0,60,56,0,-1,1,1,1,2
20140901,063239,0,60,36,0,-1,1,1,1,2
20140901,063339,0,60,56,0,-1,1,1,1,2
20140901,063439,0,60,49,0,-1,1,1,1,2
20140901,063539,0,60,46,0,-1,1,1,1,2
20140901,063639,0,60,56,0,-1,1,1,1,2
20140901,063739,0,60,53,0,-1,1,1,1,2
20140901,063839,0,60,56,0,-1,1,1,1,2
20140901,063939,0,60,51,0,-1,1,1,1,2
20140901,064039,0,60,62,0,-1,1,1,1,2
20140901,064139,0,60,53,0,-1,1,1,1,2
20140901,064239,0,60,46,0,-1,1,1,1,2
20140901,064339,0,60,67,0,-1,1,1,1,2
20140901,064439,0,60,46,0,-1,1,1,1,2
20140901,064539,0,60,62,0,-1,1,1,1,2
20140901,064639,0,60,53,0,-1,1,1,1,2
20140901,064739,0,60,45,0,-1,1,1,1,2
20140901,064839,0,60,57,0,-1,1,1,1,2
20140901,064939,0,60,57,0,-1,1,1,1,2
20140901,065039,0,60,54,0,-1,1,1,1,2
20140901,065139,0,60,51,0,-1,1,1,1,2
20140901,065239,0,60,62,0,-1,1,1,1,2
20140901,065339,0,60,42,0,-1,1,1,1,2
20140901,065439,0,60,58,0,-1,1,1,1,2
20140901,065539,0,60,54,0,-1,1,1,1,2
20140901,065639,0,60,66,0,-1,1,1,1,2
20140901,065739,0,60,57,0,-1,1,1,1,2
20140901,065839,0,60,43,0,-1,1,1,1,2
20140901,065939,0,60,46,0,-1,1,1,1,2
20140901,070039,0,60,52,0,-1,1,1,1,2
20140901,070139,0,60,37,0,-1,1,1,1,2
20140901,070239,0,60,48,0,-1,1,1,1,2
20140901,070339,0,60,53,0,-1,1,1,1,2
20140901,070439,0,60,69,0,-1,1,1,1,2
20140901,070539,0,60,60,0,-1,1,1,1,2
20140901,070639,0,60,54,0,-1,1,1,1,2
20140901,070739,0,60,50,0,-1,1,1,1,2
20140901,070839,0,60,49,0,-1,1,1,1,2
20140901,070939,0,60,56,0,-1,1,1,1,2
20140901,071039,0,60,56,0,-1,1,1,1,2
20140901,071139,0,60,56,0,-1,1,1,1,2
20140901,071239,0,60,42,0,-1,1,1,1,2
20140901,071339,0,60,61,0,-1,1,1,1,2
20140901,071439,0,60,48,0,-1,1,1,1,2
20140901,071539,0,60,46,0,-1,1,1,1,2
20140901,071639,0,60,52,0,-1,1,1,1,2
20140901,071739,0,60,57,0,-1,1,1,1,2
20140901,071839,0,60,59,0,-1,1,1,1,2
20140901,071939,0,60,48,0,-1,1,1,1,2
20140901,072039,0,60,47,0,-1,1,1,1,2
20140901,072139,0,60,52,0,-1,1,1,1,2
20140901,072239,0,60,59,0,-1,1,1,1,2
20140901,072339,0,60,55,0,-1,1,1,1,2
20140901,072439,0,60,56,0,-1,1,1,1,2
20140901,072539,0,60,55,0,-1,1,1,1,2
20140901,072639,0,60,49,0,-1,1,1,1,2
20140901,072739,0,60,65,0,-1,1,1,1,2
20140901,072839,0,60,57,0,-1,1,1,1,2
20140901,072939,0,60,51,0,-1,1,1,1,2
20140901,073039,0,60,58,0,-1,1,1,1,2
20140901,073139,0,60,61,0,-1,1,1,1,2
20140901,073239,0,60,58,0,-1,1,1,1,2
20140901,073339,0,60,51,0,-1,1,1,1,2
20140901,073439,0,60,42,0,-1,1,1,1,2
20140901,073539,0,60,59,0,-1,1,1,1,2
20140901,073639,0,60,55,0,-1,1,1,1,2
20140901,073739,0,60,48,0,-1,1,1,1,2
20140901,073839,0,60,55,0,-1,1,1,1,2
20140901,073939,0,60,54,0,-1,1,1,1,2
20140901,074039,0,60,44,0,-1,1,1,1,2
20140901,074139,0,60,54,0,-1,1,1,1,2
20140901,074239,0,60,61,0,-1,1,1,1,2
20140901,074339,0,60,46,0,-1,1,1,1,2
20140901,074439,0,60,48,0,-1,1,1,1,2
20140901,074539,0,60,67,0,-1,1,1,1,2
20140901,074639,0,60,47,0,-1,1,1,1,2
20140901,074739,0,60,39,0,-1,1,1,1,2
20140901,074839,0,60,51,0,-1,1,1,1,2
20140901,074939,0,60,42,0,-1,1,1,1,2
20140901,075039,0,60,33,0,-1,1,1,1,2
20140901,075139,0,60,49,0,-1,1,1,1,2
20140901,075239,0,60,49,0,-1,1,1,1,2
20140901,075339,0,60,65,0,-1,1,1,1,2
20140901,075439,0,60,46,0,-1,1,1,1,2
20140901,075539,0,60,51,0,-1,1,1,1,2
20140901,075639,0,60,59,0,-1,1,1,1,2
20140901,075739,0,60,52,0,-1,1,1,1,2
20140901,075839,0,60,54,0,-1,1,1,1,2
20140901,075939,0,60,59,0,-1,1,1,1,2
20140901,080039,0,60,50,0,-1,1,1,1,2
20140901,080139,0,60,75,0,-1,1,1,1,2
20140901,080239,0,60,53,0,-1,1,1,1,2
20140901,080339,0,60,51,0,-1,1,1,1,2
20140901,080439,0,60,53,0,-1,1,1,1,2
20140901,080539,0,60,50,0,-1,1,1,1,2
20140901,080639,0,60,46,0,-1,1,1,1,2
20140901,080739,0,60,60,0,-1,1,1,1,2
20140901,080839,0,60,47,0,-1,1,1,1,2
20140901,080939,0,60,66,0,-1,1,1,1,2
20140901,081039,0,60,51,0,-1,1,1,1,2
20140901,081139,0,60,45,0,-1,1,1,1,2
20140901,081239,0,60,50,0,-1,1,1,1,2
20140901,081339,0,60,55,0,-1,1,1,1,2
20140901,081439,0,60,59,0,-1,1,1,1,2
20140901,081539,0,60,66,0,-1,1,1,1,2
20140901,081639,0,60,42,0,-1,1,1,1,2
20140901,081739,0,60,62,0,-1,1,1,1,2
20140901,084438,0,60,165,0,-1,1,1,1,2
20140901,084538,0,60,35,0,-1,1,1,1,2
20140901,084638,0,60,45,0,-1,1,1,1,2
20140901,084738,0,60,39,0,-1,1,1,1,2
20140901,084838,0,60,47,0,-1,1,1,1,2
20140901,084938,0,60,54,0,-1,1,1,1,2
20140901,085038,0,60,75,0,-1,1,1,1,2
20140901,085138,0,60,61,0,-1,1,1,1,2
20140901,085238,0,60,52,0,-1,1,1,1,2
20140901,085338,0,60,60,0,-1,1,1,1,2
20140901,085438,0,60,58,0,-1,1,1,1,2
20140901,085538,0,60,59,0,-1,1,1,1,2
20140901,085638,0,60,53,0,-1,1,1,1,2
20140901,085738,0,60,55,0,-1,1,1,1,2
20140901,085838,0,60,46,0,-1,1,1,1,2
20140901,085938,0,60,67,0,-1,1,1,1,2
20140901,090038,0,60,57,0,-1,1,1,1,2
20140901,090138,0,60,54,0,-1,1,1,1,2
20140901,090238,0,60,58,0,-1,1,1,1,2
20140901,090338,0,60,64,0,-1,1,1,1,2
20140901,090438,0,60,63,0,-1,1,1,1,2
20140901,090538,0,60,62,0,-1,1,1,1,2
20140901,090638,0,60,75,0,-1,1,1,1,2
20140901,090738,0,60,53,0,-1,1,1,1,2
20140901,090838,0,60,70,0,-1,1,1,1,2
20140901,090938,0,60,61,0,-1,1,1,1,2
20140901,091038,0,60,61,0,-1,1,1,1,2
20140901,091138,0,60,59,0,-1,1,1,1,2
20140901,091238,0,60,58,0,-1,1,1,1,2
20140901,091338,0,60,54,0,-1,1,1,1,2
20140901,091438,0,60,56,0,-1,1,1,1,2
20140901,091538,0,60,61,0,-1,1,1,1,2
20140901,091638,0,60,61,0,-1,1,1,1,2
20140901,091738,0,60,66,0,-1,1,1,1,2
20140901,091838,0,60,55,0,-1,1,1,1,2
20140901,091938,0,60,63,0,-1,1,1,1,2
20140901,092038,0,60,66,0,-1,1,1,1,2
20140901,092138,0,60,74,0,-1,1,1,1,2
20140901,092238,0,60,75,0,-1,1,1,1,2
20140901,092338,0,60,65,0,-1,1,1,1,2
20140901,092438,0,60,60,0,-1,1,1,1,2
20140901,092538,0,60,67,0,-1,1,1,1,2
20140901,092638,0,60,66,0,-1,1,1,1,2
20140901,092738,0,60,71,0,-1,1,1,1,2
20140901,092838,0,60,70,0,-1,1,1,1,2
20140901,092938,0,60,68,0,-1,1,1,1,2
20140901,093038,0,60,65,0,-1,1,1,1,2
20140901,093138,0,60,57,0,-1,1,1,1,2
20140901,093238,0,60,32,0,-1,0,1,1,2
20140901,093338,0,60,60,0,-1,0,1,1,2
20140901,093438,0,60,50,0,-1,0,1,1,2
20140901,093538,0,60,51,0,-1,0,1,1,2
20140901,093638,0,60,64,0,-1,0,1,1,2
20140901,093738,0,60,62,0,-1,0,1,1,2
20140901,093838,0,60,65,0,-1,0,1,1,2
20140901,093938,0,60,59,0,-1,0,1,1,2
20140901,094038,0,60,53,0,-1,0,1,1,2
20140901,094138,0,60,51,0,-1,0,1,1,2
20140901,094238,0,60,16,0,-1,0,1,1,2
20140901,094338,0,60,67,0,-1,0,1,1,2
20140901,094438,0,60,75,0,-1,0,1,1,2
20140901,094538,0,60,58,0,-1,0,1,1,2
20140901,094638,0,60,74,0,-1,0,1,1,2
20140901,094738,0,60,67,0,-1,0,1,1,2
20140901,094838,0,60,60,0,-1,0,1,1,2
20140901,094938,0,60,62,0,-1,0,1,1,2
20140901,095038,0,60,51,0,-1,0,1,1,2
20140901,095138,0,60,74,0,-1,0,1,1,2
20140901,095238,0,60,76,0,-1,0,1,1,2
20140901,095338,0,60,78,0,-1,0,1,1,2
20140901,095438,0,60,61,0,-1,0,1,1,2
20140901,095538,0,60,72,0,-1,0,1,1,2
20140901,095638,0,60,72,0,-1,0,1,1,2
20140901,095738,0,60,73,0,-1,0,1,1,2
20140901,095838,0,60,72,0,-1,0,1,1,2
20140901,095938,0,60,62,0,-1,0,1,1,2
20140901,100038,0,60,63,0,-1,0,1,1,2
20140901,100138,0,60,58,0,-1,0,1,1,2
20140901,100238,0,60,68,0,-1,0,1,1,2
20140901,100338,0,60,67,0,-1,0,1,1,2
20140901,100438,0,60,82,0,-1,0,1,1,2
20140901,100538,0,60,79,0,-1,0,1,1,2
20140901,100638,0,60,60,0,-1,0,1,1,2
20140901,100738,0,60,82,0,-1,0,1,1,2
20140901,100838,0,60,73,0,-1,0,1,1,2
20140901,100938,0,60,69,0,-1,0,1,1,2
20140901,101038,0,60,68,0,-1,0,1,1,2
20140901,101138,0,60,87,0,-1,0,1,1,2
20140901,101238,0,60,71,0,-1,0,1,1,2
20140901,101338,0,60,70,0,-1,0,1,1,2
20140901,101438,0,60,86,0,-1,0,1,1,2
20140901,101538,0,60,83,0,-1,0,1,1,2
20140901,101638,0,60,71,0,-1,0,1,1,2
20140901,101738,0,60,63,0,-1,0,1,1,2
20140901,101838,0,60,77,0,-1,0,1,1,2
20140901,101938,0,60,68,0,-1,0,1,1,2
20140901,102038,0,60,83,0,-1,0,1,1,2
20140901,102138,0,60,82,0,-1,0,1,1,2
20140901,102238,0,60,72,0,-1,0,1,1,2
20140901,102338,0,60,75,0,-1,0,1,1,2
20140901,102438,0,60,74,0,-1,0,1,1,2
20140901,102538,0,60,76,0,-1,0,1,1,2
20140901,102638,0,60,82,0,-1,0,1,1,2
20140901,102738,0,60,81,0,-1,0,1,1,2
20140901,102838,0,60,79,0,-1,0,1,1,2
20140901,102938,0,60,65,0,-1,0,1,1,2
20140901,103038,0,60,78,0,-1,0,1,1,2
20140901,103138,0,60,93,0,-1,0,1,1,2
20140901,103238,0,60,75,0,-1,0,1,1,2
20140901,103338,0,60,80,0,-1,0,1,1,2
20140901,103438,0,60,71,0,-1,0,1,1,2
20140901,103538,0,60,36,0,-1,0,1,1,2
20140901,103638,0,60,26,0,-1,0,1,1,2
20140901,103738,0,60,34,0,-1,0,1,1,2
20140901,103838,0,60,35,0,-1,0,1,1,2
20140901,103938,0,60,52,0,-1,0,1,1,2
20140901,104038,0,60,62,0,-1,0,1,1,2
20140901,104138,0,60,75,0,-1,0,1,1,2
20140901,104238,0,60,71,0,-1,0,1,1,2
20140901,104338,0,60,89,0,-1,0,1,1,2
20140901,104438,0,60,68,0,-1,0,1,1,2
20140901,104538,0,60,81,0,-1,0,1,1,2
20140901,104638,0,60,89,0,-1,0,1,1,2
20140901,104738,0,60,90,0,-1,0,1,1,2
20140901,104838,0,60,90,0,-1,0,1,1,2
20140901,104938,0,60,80,0,-1,0,1,1,2
20140901,105038,0,60,64,0,-1,0,1,1,2
20140901,105138,0,60,83,0,-1,0,1,1,2
20140901,105238,0,60,80,0,-1,0,1,1,2
20140901,105338,0,60,96,0,-1,0,1,1,2
20140901,105438,0,60,75,0,-1,0,1,1,2
20140901,105538,0,60,82,0,-1,0,1,1,2
20140901,105638,0,60,88,0,-1,0,1,1,2
20140901,105738,0,60,101,0,-1,0,1,1,2
20140901,105838,0,60,100,0,-1,0,1,1,2
20140901,105938,0,60,93,0,-1,0,1,1,2
20140901,110038,0,60,100,0,-1,0,1,1,2
20140901,110138,0,60,74,0,-1,0,1,1,2
20140901,110238,0,60,96,0,-1,0,1,1,2
20140901,110338,0,60,83,0,-1,0,1,1,2
20140901,110438,0,60,85,0,-1,0,1,1,2
20140901,110538,0,60,83,0,-1,0,1,1,2
20140901,110638,0,60,75,0,-1,0,1,1,2
20140901,110738,0,60,83,0,-1,0,1,1,2
20140901,110838,0,60,90,0,-1,0,1,1,2
20140901,110938,0,60,115,0,-1,0,1,1,2
20140901,111038,0,60,100,0,-1,0,1,1,2
20140901,111138,0,60,123,0,-1,0,1,1,2
20140901,111238,0,60,115,0,-1,0,1,1,2
20140901,111338,0,60,101,0,-1,0,1,1,2
20140901,111438,0,60,110,0,-1,0,1,1,2
20140901,111538,0,60,112,0,-1,0,1,1,2
20140901,111638,0,60,96,0,-1,0,1,1,2
20140901,111738,0,60,85,0,-1,0,1,1,2
20140901,111838,0,60,102,0,-1,0,1,1,2
20140901,111938,0,60,114,0,-1,0,1,1,2
20140901,112038,0,60,104,0,-1,0,1,1,2
20140901,112138,0,60,101,0,-1,0,1,1,2
20140901,112238,0,60,96,0,-1,0,1,1,2
20140901,112338,0,60,106,0,-1,0,1,1,2
20140901,112438,0,60,107,0,-1,0,1,1,2
20140901,112538,0,60,98,0,-1,0,1,1,2
20140901,112638,0,60,93,0,-1,0,1,1,2
20140901,112738,0,60,83,0,-1,0,1,1,2
20140901,112838,0,60,88,0,-1,0,1,1,2
20140901,112938,0,60,96,0,-1,0,1,1,2
20140901,113038,0,60,94,0,-1,0,1,1,2
20140901,113138,0,60,100,0,-1,0,1,1,2
20140901,113238,0,60,89,0,-1,0,1,1,2
20140901,113338,0,60,91,0,-1,0,1,1,2
20140901,113438,0,60,100,0,-1,0,1,1,2
20140901,113538,0,60,100,0,-1,0,1,1,2
20140901,113638,0,60,90,0,-1,0,1,1,2
20140901,113738,0,60,99,0,-1,0,1,1,2
20140901,113838,0,60,110,0,-1,0,1,1,2
20140901,113938,0,60,94,0,-1,0,1,1,2
20140901,114038,0,60,108,0,-1,0,1,1,2
20140901,114138,0,60,95,0,-1,0,1,1,2
20140901,114238,0,60,102,0,-1,0,1,1,2
20140901,114338,0,60,98,0,-1,0,1,1,2
20140901,114438,0,60,96,0,-1,0,1,1,2
20140901,114538,0,60,87,0,-1,0,1,1,2
20140901,114638,0,60,89,0,-1,0,1,1,2
20140901,114738,0,60,100,0,-1,0,1,1,2
20140901,114838,0,60,115,0,-1,0,1,1,2
20140901,114938,0,60,96,0,-1,0,1,1,2
20140901,115038,0,60,90,0,-1,0,1,1,2
20140901,115138,0,60,104,0,-1,0,1,1,2
20140901,115238,0,60,103,0,-1,0,1,1,2
20140901,115338,0,60,97,0,-1,0,1,1,2
20140901,115438,0,60,108,0,-1,0,1,1,2
20140901,115538,0,60,97,0,-1,0,1,1,2
20140901,115638,0,60,101,0,-1,0,1,1,2
20140901,115738,0,60,78,0,-1,0,1,1,2
20140901,115838,0,60,88,0,-1,0,1,1,2
20140901,115938,0,60,99,0,-1,0,1,1,2
20140901,120038,0,60,99,0,-1,0,1,1,2
20140901,120138,0,60,97,0,-1,0,1,1,2
20140901,120238,0,60,84,0,-1,0,1,1,2
20140901,120338,0,60,86,0,-1,0,1,1,2
20140901,120438,0,60,88,0,-1,0,1,1,2
20140901,120538,0,60,95,0,-1,0,1,1,2
20140901,120638,0,60,89,0,-1,0,1,1,2
20140901,120738,0,60,91,0,-1,0,1,1,2
20140901,120838,0,60,85,0,-1,0,1,1,2
20140901,120938,0,60,81,0,-1,0,1,1,2
20140901,121038,0,60,80,0,-1,0,1,1,2
20140901,121138,0,60,93,0,-1,0,1,1,2
20140901,121238,0,60,93,0,-1,0,1,1,2
20140901,121338,0,60,87,0,-1,0,1,1,2
20140901,121438,0,60,93,0,-1,0,1,1,2
20140901,121538,0,60,93,0,-1,0,1,1,2
20140901,121638,0,60,106,0,-1,0,1,1,2
20140901,121738,0,60,88,0,-1,0,1,1,2
20140901,121838,0,60,89,0,-1,0,1,1,2
20140901,121938,0,60,92,0,-1,0,1,1,2
20140901,122038,0,60,94,0,-1,0,1,1,2
20140901,122138,0,60,105,0,-1,0,1,1,2
20140901,122238,0,60,86,0,-1,0,1,1,2
20140901,122338,0,60,95,0,-1,0,1,1,2
20140901,122438,0,60,99,0,-1,0,1,1,2
20140901,122538,0,60,95,0,-1,0,1,1,2
20140901,122638,0,60,97,0,-1,0,1,1,2
20140901,122738,0,60,101,0,-1,0,1,1,2
20140901,122838,0,60,98,0,-1,0,1,1,2
20140901,122938,0,60,95,0,-1,0,1,1,2
20140901,123038,0,60,103,0,-1,0,1,1,2
20140901,123138,0,60,92,0,-1,0,1,1,2
20140901,123238,0,60,97,0,-1,0,1,1,2
20140901,123338,0,60,97,0,-1,0,1,1,2
20140901,123438,0,60,91,0,-1,0,1,1,2
20140901,123538,0,60,84,0,-1,0,1,1,2
20140901,123638,0,60,111,0,-1,0,1,1,2
20140901,123738,0,60,102,0,-1,0,1,1,2
20140901,123838,0,60,84,0,-1,0,1,1,2
20140901,123938,0,60,85,0,-1,0,1,1,2
20140901,124038,0,60,82,0,-1,0,1,1,2
20140901,124138,0,60,90,0,-1,0,1,1,2
20140901,124238,0,60,101,0,-1,0,1,1,2
20140901,124338,0,60,99,0,-1,0,1,1,2
20140901,124438,0,60,88,0,-1,0,1,1,2
20140901,124538,0,60,97,0,-1,0,1,1,2
20140901,124638,0,60,94,0,-1,0,1,1,2
20140901,124738,0,60,73,0,-1,0,1,1,2
20140901,124838,0,60,80,0,-1,0,1,1,2
20140901,124938,0,60,102,0,-1,0,1,1,2
20140901,125038,0,60,85,0,-1,0,1,1,2
20140901,125138,0,60,99,0,-1,0,1,1,2
20140901,125238,0,60,56,0,-1,0,1,1,2
20140901,125338,0,60,50,0,-1,0,1,1,2
20140901,125438,0,60,53,0,-1,0,1,1,2
20140901,125538,0,60,42,0,-1,0,1,1,2
20140901,125638,0,60,74,0,-1,0,1,1,2
20140901,125738,0,60,54,0,-1,0,1,1,2
20140901,125838,0,60,70,0,-1,0,1,1,2
20140901,125938,0,60,36,0,-1,0,1,1,2
20140901,130038,0,60,29,0,-1,0,1,1,2
20140901,130138,0,60,18,0,-1,0,1,1,2
20140901,130238,0,60,23,0,-1,0,1,1,2
20140901,130338,0,60,37,0,-1,0,1,1,2
20140901,130438,0,60,58,0,-1,0,1,1,2
20140901,130538,0,60,69,0,-1,0,1,1,2
20140901,130638,0,60,69,0,-1,0,1,1,2
